run_id,phase,generation,train_fitness,wikitext2_ppl,train_ppl,parent_attn_mask,parent_mlp_mask
thesis_medium_depth_mistral_s0.25_g20_o16_seed2,generation,1,1.38e+00,26.14,2.48e+01,"[0,1,0,0,0,0,0,0,1,0,0,1,1,0,0,1,1,0,0,0,0,0,0,0,0,0,1,0,0,0,1,0]","[0,0,0,0,0,0,0,0,0,0,1,1,0,0,0,1,0,1,0,0,1,0,1,0,0,0,1,0,0,0,1,0]"
thesis_medium_depth_mistral_s0.25_g20_o16_seed2,generation,2,1.07e+00,,,"[0,0,0,0,0,0,0,0,1,0,0,0,1,0,0,1,1,0,0,0,0,0,1,0,0,0,1,0,0,1,1,0]","[0,0,0,0,0,0,0,0,0,0,1,1,0,0,0,1,0,1,0,0,1,0,1,0,0,0,1,0,0,0,1,0]"
thesis_medium_depth_mistral_s0.25_g20_o16_seed2,generation,3,1.05e+00,,,"[0,0,0,0,0,0,0,0,1,0,0,0,1,0,0,1,1,0,0,0,0,0,1,0,0,0,1,0,0,1,1,0]","[0,0,0,0,0,0,0,0,1,0,0,1,0,0,0,1,0,1,0,0,1,0,1,0,0,0,1,0,0,0,1,0]"
thesis_medium_depth_mistral_s0.25_g20_o16_seed2,generation,4,8.89e-01,,,"[0,0,0,0,0,0,0,0,1,0,0,0,1,0,0,1,1,0,0,0,0,0,1,0,0,0,1,0,0,1,1,0]","[0,0,0,0,0,0,0,0,1,0,1,1,0,0,0,1,0,0,0,0,1,0,1,0,0,0,1,0,0,0,1,0]"
thesis_medium_depth_mistral_s0.25_g20_o16_seed2,generation,5,8.57e-01,,,"[0,0,0,0,0,0,0,0,1,0,0,0,1,0,0,1,1,0,0,0,0,0,1,0,0,0,1,0,0,1,1,0]","[0,0,0,0,0,0,0,0,1,0,1,1,0,0,0,1,0,0,0,0,0,0,1,0,0,1,1,0,0,0,1,0]"
thesis_medium_depth_mistral_s0.25_g20_o16_seed2,generation,6,8.22e-01,13.67,1.24e+01,"[0,0,0,0,0,0,0,0,1,0,0,0,1,0,1,0,1,0,0,0,0,0,1,0,0,0,1,0,0,1,1,0]","[0,0,0,0,0,0,0,0,1,0,1,1,0,0,0,1,0,0,0,0,0,0,1,0,0,1,1,0,0,0,1,0]"
thesis_medium_depth_mistral_s0.25_g20_o16_seed2,generation,7,8.08e-01,,,"[0,0,0,0,0,0,0,0,1,0,0,1,1,0,1,0,0,0,0,0,0,0,1,0,0,0,1,0,0,1,1,0]","[0,0,0,0,0,0,0,0,1,0,1,1,0,0,0,1,0,0,0,0,0,0,1,0,0,1,1,0,0,0,1,0]"
thesis_medium_depth_mistral_s0.25_g20_o16_seed2,generation,8,8.08e-01,,,"[0,0,0,0,0,0,0,0,1,0,0,1,1,0,1,0,0,0,0,0,0,0,1,0,0,0,1,0,0,1,1,0]","[0,0,0,0,0,0,0,0,1,0,1,1,0,0,0,1,0,0,0,0,0,0,1,0,0,1,1,0,0,0,1,0]"
thesis_medium_depth_mistral_s0.25_g20_o16_seed2,generation,9,7.57e-01,,,"[0,0,0,0,0,0,0,0,1,0,0,1,1,0,1,0,0,0,0,0,0,0,1,0,0,0,1,0,0,1,1,0]","[0,0,0,0,0,0,0,0,1,0,1,1,0,1,0,1,0,0,0,0,0,0,1,0,0,0,1,0,0,0,1,0]"
thesis_medium_depth_mistral_s0.25_g20_o16_seed2,generation,10,7.52e-01,,,"[0,0,0,0,0,0,0,0,1,0,0,1,1,0,1,0,0,0,1,0,0,0,1,0,0,0,0,0,0,1,1,0]","[0,0,0,0,0,0,0,0,1,0,1,1,0,1,0,1,0,0,0,0,0,0,1,0,0,0,1,0,0,0,1,0]"
thesis_medium_depth_mistral_s0.25_g20_o16_seed2,generation,11,7.01e-01,12.45,1.10e+01,"[0,0,0,0,0,0,0,0,1,0,0,1,1,0,1,0,0,0,0,0,1,0,1,0,0,0,0,0,0,1,1,0]","[0,0,0,0,0,0,0,0,1,0,1,1,0,1,0,1,0,0,0,0,0,0,1,0,0,0,1,0,0,0,1,0]"
thesis_medium_depth_mistral_s0.25_g20_o16_seed2,generation,12,7.01e-01,,,"[0,0,0,0,0,0,0,0,1,0,0,1,1,0,1,0,0,0,0,0,1,0,1,0,0,0,0,0,0,1,1,0]","[0,0,0,0,0,0,0,0,1,0,1,1,0,1,0,1,0,0,0,0,0,0,1,0,0,0,1,0,0,0,1,0]"
thesis_medium_depth_mistral_s0.25_g20_o16_seed2,generation,13,6.88e-01,,,"[0,0,0,0,0,0,0,0,1,0,0,1,1,0,1,0,0,0,0,0,1,0,1,0,0,0,0,1,0,1,0,0]","[0,0,0,0,0,0,0,0,1,0,1,1,0,1,0,1,0,0,0,0,0,0,1,0,0,0,1,0,0,0,1,0]"
thesis_medium_depth_mistral_s0.25_g20_o16_seed2,generation,14,6.79e-01,,,"[0,0,0,0,0,0,0,0,1,0,0,1,1,0,1,0,1,0,0,0,0,0,1,0,0,0,0,1,0,1,0,0]","[0,0,0,0,0,0,0,0,1,0,1,1,0,1,0,1,0,0,0,0,0,0,1,0,0,0,1,0,0,0,1,0]"
thesis_medium_depth_mistral_s0.25_g20_o16_seed2,generation,15,6.73e-01,,,"[0,0,0,0,0,0,0,0,1,0,0,1,1,0,1,0,1,0,0,0,0,0,1,0,0,0,0,1,0,1,0,0]","[0,0,0,0,0,0,0,1,1,0,1,1,0,1,0,1,0,0,0,0,0,0,1,0,0,0,1,0,0,0,0,0]"
thesis_medium_depth_mistral_s0.25_g20_o16_seed2,generation,16,6.73e-01,11.88,1.06e+01,"[0,0,0,0,0,0,0,0,1,0,0,1,1,0,1,0,1,0,0,0,0,0,1,0,0,0,0,1,0,1,0,0]","[0,0,0,0,0,0,0,1,1,0,1,1,0,1,0,1,0,0,0,0,0,0,1,0,0,0,1,0,0,0,0,0]"
thesis_medium_depth_mistral_s0.25_g20_o16_seed2,generation,17,6.47e-01,,,"[0,0,0,0,0,0,0,0,1,0,0,1,1,0,1,0,1,0,0,0,0,0,1,0,0,0,0,1,0,1,0,0]","[0,0,0,0,0,0,0,0,1,0,1,1,1,1,0,1,0,0,0,0,0,0,1,0,0,0,1,0,0,0,0,0]"
thesis_medium_depth_mistral_s0.25_g20_o16_seed2,generation,18,6.48e-01,,,"[0,0,0,0,0,0,0,0,1,0,0,1,1,0,1,0,1,0,0,0,0,0,1,0,0,0,0,1,0,1,0,0]","[0,0,0,0,0,0,0,0,1,0,1,1,1,1,0,1,0,0,0,0,0,0,1,0,0,0,1,0,0,0,0,0]"
thesis_medium_depth_mistral_s0.25_g20_o16_seed2,generation,19,6.48e-01,,,"[0,0,0,0,0,0,0,0,1,0,0,1,1,0,1,0,1,0,0,0,0,0,1,0,0,0,0,1,0,1,0,0]","[0,0,0,0,0,0,0,0,1,0,1,1,1,1,0,1,0,0,0,0,0,0,1,0,0,0,1,0,0,0,0,0]"
thesis_medium_depth_mistral_s0.25_g20_o16_seed2,generation,20,6.47e-01,,,"[0,0,0,0,0,0,0,0,1,0,0,1,1,0,1,0,1,0,0,0,0,0,1,0,0,0,0,1,0,1,0,0]","[0,0,0,0,0,0,0,0,1,0,1,1,1,1,0,1,0,0,0,0,0,0,1,0,0,0,1,0,0,0,0,0]"
thesis_medium_depth_mistral_s0.25_g20_o16_seed2,final,,,11.20,1.00e+01,"[0,0,0,0,0,0,0,0,1,0,0,1,1,0,1,0,1,0,0,0,0,0,1,0,0,0,0,1,1,0,0,0]","[0,0,0,0,0,0,0,0,1,0,1,1,1,1,0,1,0,0,0,0,0,0,1,0,0,0,1,0,0,0,0,0]"
