generation,best_search_fitness,fitness_fn,best_calibration_kl,best_train_ppl,wikitext2_ppl,c4_ppl,fineweb_edu_ppl,eval_tokens_used,eval_tokens_by_dataset,num_offspring,num_survivors_stage_1,num_survivors_stage_2,num_survivors_stage_3,survivors_per_selection,tokens_per_selection,active_parameters,average_bitwidth_active,estimated_weight_memory_mb,dropped_attention_count,dropped_mlp_count,mutation_summary,accepted_parent_replacement,runtime_seconds_cumulative,peak_gpu_memory_mb
1,1.396484375,kl,,25.546875,27.03125,,,333824,"{""wikitext2"":333824}",16,8,2,1,"[8,2,1]","[512,2048,8192]",5503193088,3.0,9872.5078125,8,8,"{""type"":""mixed_depth_quantization"",""accepted_offspring_by_type"":{""depth"":11,""quantization"":5},""maximum_depth_mutations_per_offspring"":3,""quantization_step_size"":1}",True,116.06660522706807,14280.6416015625
2,1.458984375,kl,,,,,,0,{},16,8,2,1,"[8,2,1]","[512,2048,8192]",5503193088,3.0,9872.5078125,8,8,"{""type"":""mixed_depth_quantization"",""accepted_offspring_by_type"":{""depth"":6,""quantization"":10},""maximum_depth_mutations_per_offspring"":3,""quantization_step_size"":1}",True,128.6990845799446,14280.6416015625
3,1.236328125,kl,,,,,,0,{},16,8,2,1,"[8,2,1]","[512,2048,8192]",5503193088,3.0,9872.5078125,8,8,"{""type"":""mixed_depth_quantization"",""accepted_offspring_by_type"":{""depth"":9,""quantization"":7},""maximum_depth_mutations_per_offspring"":3,""quantization_step_size"":1}",True,140.67838075757027,14280.6416015625
4,1.201171875,kl,,,,,,0,{},16,8,2,1,"[8,2,1]","[512,2048,8192]",5503193088,3.0,9872.5078125,8,8,"{""type"":""mixed_depth_quantization"",""accepted_offspring_by_type"":{""depth"":9,""quantization"":7},""maximum_depth_mutations_per_offspring"":3,""quantization_step_size"":1}",True,152.52801837958395,14280.6416015625
5,0.9306640625,kl,,,,,,0,{},16,8,2,1,"[8,2,1]","[512,2048,8192]",5503193088,3.0,9872.5078125,8,8,"{""type"":""mixed_depth_quantization"",""accepted_offspring_by_type"":{""depth"":7,""quantization"":9},""maximum_depth_mutations_per_offspring"":3,""quantization_step_size"":1}",True,165.30647402442992,14280.6416015625
6,0.92431640625,kl,,13.828125,15.046875,,,333824,"{""wikitext2"":333824}",16,8,2,1,"[8,2,1]","[512,2048,8192]",5503193088,3.0,9872.5078125,8,8,"{""type"":""mixed_depth_quantization"",""accepted_offspring_by_type"":{""depth"":4,""quantization"":12},""maximum_depth_mutations_per_offspring"":3,""quantization_step_size"":1}",True,240.6264750994742,14280.6416015625
7,0.88134765625,kl,,,,,,0,{},16,8,2,1,"[8,2,1]","[512,2048,8192]",5503193088,3.0,9872.5078125,8,8,"{""type"":""mixed_depth_quantization"",""accepted_offspring_by_type"":{""depth"":7,""quantization"":9},""maximum_depth_mutations_per_offspring"":3,""quantization_step_size"":1}",True,253.13895422406495,14280.6416015625
8,0.86962890625,kl,,,,,,0,{},16,8,2,1,"[8,2,1]","[512,2048,8192]",5503193088,3.0,9872.5078125,8,8,"{""type"":""mixed_depth_quantization"",""accepted_offspring_by_type"":{""depth"":6,""quantization"":10},""maximum_depth_mutations_per_offspring"":3,""quantization_step_size"":1}",True,266.05909288302064,14280.6416015625
9,0.83642578125,kl,,,,,,0,{},16,8,2,1,"[8,2,1]","[512,2048,8192]",5503193088,3.0,9872.5078125,8,8,"{""type"":""mixed_depth_quantization"",""accepted_offspring_by_type"":{""depth"":9,""quantization"":7},""maximum_depth_mutations_per_offspring"":3,""quantization_step_size"":1}",True,278.34843030944467,14280.6416015625
10,0.818359375,kl,,,,,,0,{},16,8,2,1,"[8,2,1]","[512,2048,8192]",5503193088,3.0,9872.5078125,8,8,"{""type"":""mixed_depth_quantization"",""accepted_offspring_by_type"":{""depth"":7,""quantization"":9},""maximum_depth_mutations_per_offspring"":3,""quantization_step_size"":1}",True,290.71510685794055,14280.6416015625
11,0.79345703125,kl,,12.203125,13.2734375,,,333824,"{""wikitext2"":333824}",16,8,2,1,"[8,2,1]","[512,2048,8192]",5503193088,3.0,9872.5078125,8,8,"{""type"":""mixed_depth_quantization"",""accepted_offspring_by_type"":{""depth"":7,""quantization"":9},""maximum_depth_mutations_per_offspring"":3,""quantization_step_size"":1}",True,365.4177468921989,14280.6416015625
12,0.79248046875,kl,,,,,,0,{},16,8,2,1,"[8,2,1]","[512,2048,8192]",5503193088,3.0,9872.5078125,8,8,"{""type"":""mixed_depth_quantization"",""accepted_offspring_by_type"":{""depth"":6,""quantization"":10},""maximum_depth_mutations_per_offspring"":3,""quantization_step_size"":1}",True,377.8092422541231,14280.6416015625
13,0.78857421875,kl,,,,,,0,{},16,8,2,1,"[8,2,1]","[512,2048,8192]",5503193088,3.0,9872.5078125,8,8,"{""type"":""mixed_depth_quantization"",""accepted_offspring_by_type"":{""depth"":7,""quantization"":9},""maximum_depth_mutations_per_offspring"":3,""quantization_step_size"":1}",False,390.08403428271413,14280.6416015625
14,0.78857421875,kl,,,,,,0,{},16,8,2,1,"[8,2,1]","[512,2048,8192]",5503193088,3.0,9872.5078125,8,8,"{""type"":""mixed_depth_quantization"",""accepted_offspring_by_type"":{""depth"":6,""quantization"":10},""maximum_depth_mutations_per_offspring"":3,""quantization_step_size"":1}",True,402.1880315281451,14280.6416015625
15,0.775390625,kl,,,,,,0,{},16,8,2,1,"[8,2,1]","[512,2048,8192]",5503193088,3.0,9872.5078125,8,8,"{""type"":""mixed_depth_quantization"",""accepted_offspring_by_type"":{""depth"":7,""quantization"":9},""maximum_depth_mutations_per_offspring"":3,""quantization_step_size"":1}",True,414.469716925174,14280.6416015625
16,0.73046875,kl,,11.265625,12.375,,,333824,"{""wikitext2"":333824}",16,8,2,1,"[8,2,1]","[512,2048,8192]",5503193088,3.0,9872.5078125,8,8,"{""type"":""mixed_depth_quantization"",""accepted_offspring_by_type"":{""depth"":10,""quantization"":6},""maximum_depth_mutations_per_offspring"":3,""quantization_step_size"":1}",True,488.4495587050915,14280.6416015625
17,0.72802734375,kl,,,,,,0,{},16,8,2,1,"[8,2,1]","[512,2048,8192]",5503193088,3.0,9872.5078125,8,8,"{""type"":""mixed_depth_quantization"",""accepted_offspring_by_type"":{""depth"":8,""quantization"":8},""maximum_depth_mutations_per_offspring"":3,""quantization_step_size"":1}",True,500.8245031964034,14280.6416015625
18,0.7265625,kl,,,,,,0,{},16,8,2,1,"[8,2,1]","[512,2048,8192]",5503193088,3.0,9872.5078125,8,8,"{""type"":""mixed_depth_quantization"",""accepted_offspring_by_type"":{""depth"":11,""quantization"":5},""maximum_depth_mutations_per_offspring"":3,""quantization_step_size"":1}",True,512.7266158368438,14280.6416015625
19,0.7265625,kl,,,,,,0,{},16,8,2,1,"[8,2,1]","[512,2048,8192]",5503193088,3.0,9872.5078125,8,8,"{""type"":""mixed_depth_quantization"",""accepted_offspring_by_type"":{""depth"":7,""quantization"":9},""maximum_depth_mutations_per_offspring"":3,""quantization_step_size"":1}",True,525.0393312405795,14280.6416015625
20,0.71533203125,kl,,,,,,0,{},16,8,2,1,"[8,2,1]","[512,2048,8192]",5503193088,3.0,9872.5078125,8,8,"{""type"":""mixed_depth_quantization"",""accepted_offspring_by_type"":{""depth"":6,""quantization"":10},""maximum_depth_mutations_per_offspring"":3,""quantization_step_size"":1}",True,537.600403605029,14280.6416015625
21,0.71240234375,kl,,11.1171875,12.15625,,,333824,"{""wikitext2"":333824}",16,8,2,1,"[8,2,1]","[512,2048,8192]",5503193088,3.0,9872.5078125,8,8,"{""type"":""mixed_depth_quantization"",""accepted_offspring_by_type"":{""depth"":4,""quantization"":12},""maximum_depth_mutations_per_offspring"":3,""quantization_step_size"":1}",True,612.4898839443922,14280.6416015625
22,0.7119140625,kl,,,,,,0,{},16,8,2,1,"[8,2,1]","[512,2048,8192]",5503193088,3.0,9872.5078125,8,8,"{""type"":""mixed_depth_quantization"",""accepted_offspring_by_type"":{""depth"":5,""quantization"":11},""maximum_depth_mutations_per_offspring"":3,""quantization_step_size"":1}",True,625.038745155558,14280.6416015625
23,0.7109375,kl,,,,,,0,{},16,8,2,1,"[8,2,1]","[512,2048,8192]",5503193088,3.0,9872.5078125,8,8,"{""type"":""mixed_depth_quantization"",""accepted_offspring_by_type"":{""depth"":6,""quantization"":10},""maximum_depth_mutations_per_offspring"":3,""quantization_step_size"":1}",True,637.394146412611,14280.6416015625
24,0.71044921875,kl,,,,,,0,{},16,8,2,1,"[8,2,1]","[512,2048,8192]",5503193088,3.0,9872.5078125,8,8,"{""type"":""mixed_depth_quantization"",""accepted_offspring_by_type"":{""depth"":7,""quantization"":9},""maximum_depth_mutations_per_offspring"":3,""quantization_step_size"":1}",True,649.6598389074206,14280.6416015625
25,0.70947265625,kl,,,,,,0,{},16,8,2,1,"[8,2,1]","[512,2048,8192]",5503193088,3.0,9872.5078125,8,8,"{""type"":""mixed_depth_quantization"",""accepted_offspring_by_type"":{""depth"":5,""quantization"":11},""maximum_depth_mutations_per_offspring"":3,""quantization_step_size"":1}",False,662.0619020089507,14280.6416015625
26,0.708984375,kl,,11.046875,12.203125,,,333824,"{""wikitext2"":333824}",16,8,2,1,"[8,2,1]","[512,2048,8192]",5503193088,3.0,9872.5078125,8,8,"{""type"":""mixed_depth_quantization"",""accepted_offspring_by_type"":{""depth"":11,""quantization"":5},""maximum_depth_mutations_per_offspring"":3,""quantization_step_size"":1}",False,736.108465814963,14280.6416015625
27,0.708984375,kl,,,,,,0,{},16,8,2,1,"[8,2,1]","[512,2048,8192]",5503193088,3.0,9872.5078125,8,8,"{""type"":""mixed_depth_quantization"",""accepted_offspring_by_type"":{""depth"":5,""quantization"":11},""maximum_depth_mutations_per_offspring"":3,""quantization_step_size"":1}",True,748.7287365570664,14280.6416015625
28,0.705078125,kl,,,,,,0,{},16,8,2,1,"[8,2,1]","[512,2048,8192]",5503193088,3.0,9872.5078125,8,8,"{""type"":""mixed_depth_quantization"",""accepted_offspring_by_type"":{""depth"":8,""quantization"":8},""maximum_depth_mutations_per_offspring"":3,""quantization_step_size"":1}",True,761.6487280447036,14280.6416015625
29,0.7041015625,kl,,,,,,0,{},16,8,2,1,"[8,2,1]","[512,2048,8192]",5503193088,3.0,9872.5078125,8,8,"{""type"":""mixed_depth_quantization"",""accepted_offspring_by_type"":{""depth"":10,""quantization"":6},""maximum_depth_mutations_per_offspring"":3,""quantization_step_size"":1}",False,774.100493516773,14280.6416015625
30,0.70458984375,kl,,,,,,0,{},16,8,2,1,"[8,2,1]","[512,2048,8192]",5503193088,3.0,9872.5078125,8,8,"{""type"":""mixed_depth_quantization"",""accepted_offspring_by_type"":{""depth"":9,""quantization"":7},""maximum_depth_mutations_per_offspring"":3,""quantization_step_size"":1}",False,786.404009019956,14280.6416015625
31,0.7041015625,kl,,11.0078125,12.1796875,,,333824,"{""wikitext2"":333824}",16,8,2,1,"[8,2,1]","[512,2048,8192]",5503193088,3.0,9872.5078125,8,8,"{""type"":""mixed_depth_quantization"",""accepted_offspring_by_type"":{""depth"":7,""quantization"":9},""maximum_depth_mutations_per_offspring"":3,""quantization_step_size"":1}",False,861.1439150236547,14280.6416015625
32,0.70458984375,kl,,,,,,0,{},16,8,2,1,"[8,2,1]","[512,2048,8192]",5503193088,3.0,9872.5078125,8,8,"{""type"":""mixed_depth_quantization"",""accepted_offspring_by_type"":{""depth"":9,""quantization"":7},""maximum_depth_mutations_per_offspring"":3,""quantization_step_size"":1}",False,873.1234413646162,14280.6416015625
33,0.70458984375,kl,,,,,,0,{},16,8,2,1,"[8,2,1]","[512,2048,8192]",5503193088,3.0,9872.5078125,8,8,"{""type"":""mixed_depth_quantization"",""accepted_offspring_by_type"":{""depth"":10,""quantization"":6},""maximum_depth_mutations_per_offspring"":3,""quantization_step_size"":1}",False,884.9189211521298,14280.6416015625
34,0.705078125,kl,,,,,,0,{},16,8,2,1,"[8,2,1]","[512,2048,8192]",5503193088,3.0,9872.5078125,8,8,"{""type"":""mixed_depth_quantization"",""accepted_offspring_by_type"":{""depth"":7,""quantization"":9},""maximum_depth_mutations_per_offspring"":3,""quantization_step_size"":1}",False,897.4435820449144,14280.6416015625
35,0.70458984375,kl,,,,,,0,{},16,8,2,1,"[8,2,1]","[512,2048,8192]",5503193088,3.0,9872.5078125,8,8,"{""type"":""mixed_depth_quantization"",""accepted_offspring_by_type"":{""depth"":10,""quantization"":6},""maximum_depth_mutations_per_offspring"":3,""quantization_step_size"":1}",True,909.6033562794328,14280.6416015625
36,0.705078125,kl,,11.0078125,12.1796875,,,333824,"{""wikitext2"":333824}",16,8,2,1,"[8,2,1]","[512,2048,8192]",5503193088,3.0,9872.5078125,8,8,"{""type"":""mixed_depth_quantization"",""accepted_offspring_by_type"":{""depth"":6,""quantization"":10},""maximum_depth_mutations_per_offspring"":3,""quantization_step_size"":1}",False,984.0537228770554,14280.6416015625
37,0.705078125,kl,,,,,,0,{},16,8,2,1,"[8,2,1]","[512,2048,8192]",5503193088,3.0,9872.5078125,8,8,"{""type"":""mixed_depth_quantization"",""accepted_offspring_by_type"":{""depth"":6,""quantization"":10},""maximum_depth_mutations_per_offspring"":3,""quantization_step_size"":1}",False,996.6712043657899,14280.6416015625
38,0.705078125,kl,,,,,,0,{},16,8,2,1,"[8,2,1]","[512,2048,8192]",5503193088,3.0,9872.5078125,8,8,"{""type"":""mixed_depth_quantization"",""accepted_offspring_by_type"":{""depth"":8,""quantization"":8},""maximum_depth_mutations_per_offspring"":3,""quantization_step_size"":1}",True,1009.2663751281798,14280.6416015625
39,0.70556640625,kl,,,,,,0,{},16,8,2,1,"[8,2,1]","[512,2048,8192]",5503193088,3.0,9872.5078125,8,8,"{""type"":""mixed_depth_quantization"",""accepted_offspring_by_type"":{""depth"":6,""quantization"":10},""maximum_depth_mutations_per_offspring"":3,""quantization_step_size"":1}",True,1021.8349896986037,14280.6416015625
40,0.70556640625,kl,,,,,,0,{},16,8,2,1,"[8,2,1]","[512,2048,8192]",5503193088,3.0,9872.5078125,8,8,"{""type"":""mixed_depth_quantization"",""accepted_offspring_by_type"":{""depth"":7,""quantization"":9},""maximum_depth_mutations_per_offspring"":3,""quantization_step_size"":1}",True,1034.1910738814622,14280.6416015625
41,0.705078125,kl,,10.9609375,12.15625,,,333824,"{""wikitext2"":333824}",16,8,2,1,"[8,2,1]","[512,2048,8192]",5503193088,3.0,9872.5078125,8,8,"{""type"":""mixed_depth_quantization"",""accepted_offspring_by_type"":{""depth"":10,""quantization"":6},""maximum_depth_mutations_per_offspring"":3,""quantization_step_size"":1}",False,1108.2631666362286,14280.6416015625
42,0.70458984375,kl,,,,,,0,{},16,8,2,1,"[8,2,1]","[512,2048,8192]",5503193088,3.0,9872.5078125,8,8,"{""type"":""mixed_depth_quantization"",""accepted_offspring_by_type"":{""depth"":7,""quantization"":9},""maximum_depth_mutations_per_offspring"":3,""quantization_step_size"":1}",True,1120.441168487072,14280.6416015625
43,0.642578125,kl,,,,,,0,{},16,8,2,1,"[8,2,1]","[512,2048,8192]",5503193088,3.0,9872.5078125,8,8,"{""type"":""mixed_depth_quantization"",""accepted_offspring_by_type"":{""depth"":7,""quantization"":9},""maximum_depth_mutations_per_offspring"":3,""quantization_step_size"":1}",False,1132.8997055962682,14280.6416015625
44,0.64208984375,kl,,,,,,0,{},16,8,2,1,"[8,2,1]","[512,2048,8192]",5503193088,3.0,9872.5078125,8,8,"{""type"":""mixed_depth_quantization"",""accepted_offspring_by_type"":{""depth"":9,""quantization"":7},""maximum_depth_mutations_per_offspring"":3,""quantization_step_size"":1}",True,1145.1731661278754,14280.6416015625
45,0.63671875,kl,,,,,,0,{},16,8,2,1,"[8,2,1]","[512,2048,8192]",5503193088,3.0,9872.5078125,8,8,"{""type"":""mixed_depth_quantization"",""accepted_offspring_by_type"":{""depth"":5,""quantization"":11},""maximum_depth_mutations_per_offspring"":3,""quantization_step_size"":1}",False,1157.8981736041605,14280.6416015625
46,0.63671875,kl,,10.296875,11.421875,,,333824,"{""wikitext2"":333824}",16,8,2,1,"[8,2,1]","[512,2048,8192]",5503193088,3.0,9872.5078125,8,8,"{""type"":""mixed_depth_quantization"",""accepted_offspring_by_type"":{""depth"":10,""quantization"":6},""maximum_depth_mutations_per_offspring"":3,""quantization_step_size"":1}",True,1232.056352853775,14280.6416015625
47,0.61865234375,kl,,,,,,0,{},16,8,2,1,"[8,2,1]","[512,2048,8192]",5503193088,3.0,9872.5078125,8,8,"{""type"":""mixed_depth_quantization"",""accepted_offspring_by_type"":{""depth"":12,""quantization"":4},""maximum_depth_mutations_per_offspring"":3,""quantization_step_size"":1}",True,1243.9853215441108,14280.6416015625
48,0.6181640625,kl,,,,,,0,{},16,8,2,1,"[8,2,1]","[512,2048,8192]",5503193088,3.0,9872.5078125,8,8,"{""type"":""mixed_depth_quantization"",""accepted_offspring_by_type"":{""depth"":8,""quantization"":8},""maximum_depth_mutations_per_offspring"":3,""quantization_step_size"":1}",True,1256.5369150731713,14280.6416015625
49,0.615234375,kl,,,,,,0,{},16,8,2,1,"[8,2,1]","[512,2048,8192]",5503193088,3.0,9872.5078125,8,8,"{""type"":""mixed_depth_quantization"",""accepted_offspring_by_type"":{""depth"":9,""quantization"":7},""maximum_depth_mutations_per_offspring"":3,""quantization_step_size"":1}",False,1269.0173805207014,14280.6416015625
50,0.61474609375,kl,,,,,,0,{},16,8,2,1,"[8,2,1]","[512,2048,8192]",5503193088,3.0,9872.5078125,8,8,"{""type"":""mixed_depth_quantization"",""accepted_offspring_by_type"":{""depth"":8,""quantization"":8},""maximum_depth_mutations_per_offspring"":3,""quantization_step_size"":1}",False,1281.9004144594073,14280.6416015625
