date,run_id,method,model,sparsity_or_bits,generations,offspring,calibration_data,sequence_length,calibration_tokens,fitness_fn,attention_impl,dtype,seed,wikitext2_ppl,train_ppl,runtime_minutes,gpu_name,gpu_vram_gb,cpu_ram_limit_gb,status,notes,output_dir
2026-06-01,depth_mistral7b_s0.125_seed1,depth_evo,mistralai/Mistral-7B-v0.3,0.125,10,8,wikitext2,2048,8192,kl,sdpa,float16,1,,,0.08,Tesla T4,15.00,16.00,failed,last_successful_step=depth_search_process_started; command_exit_code=1; parser_exit_code=1,outputs/experiments/depth_mistral7b_s0.125_seed1
2026-06-01,depth_mistral7b_s0.125_seed1,depth_evo,mistralai/Mistral-7B-v0.3,0.125,10,8,wikitext2,2048,8192,kl,sdpa,float16,1,6.75,6.27e+00,64.22,Tesla T4,15.00,16.00,completed,last_successful_step=final_evaluation; dropped_attn_modules=4; dropped_mlp_modules=4,outputs/experiments/depth_mistral7b_s0.125_seed1
2026-06-01,depth_mistral7b_s0.25_seed1,depth_evo,mistralai/Mistral-7B-v0.3,0.25,10,8,wikitext2,2048,8192,kl,sdpa,float16,1,14.70,1.33e+01,56.30,Tesla T4,15.00,16.00,completed,last_successful_step=final_evaluation; dropped_attn_modules=8; dropped_mlp_modules=8,outputs/experiments/depth_mistral7b_s0.25_seed1
2026-06-01,depth_mistral7b_s0.375_seed1,depth_evo,mistralai/Mistral-7B-v0.3,0.375,10,8,wikitext2,2048,8192,kl,sdpa,float16,1,51.69,4.82e+01,46.08,Tesla T4,15.00,16.00,completed,last_successful_step=final_evaluation; dropped_attn_modules=12; dropped_mlp_modules=12,outputs/experiments/depth_mistral7b_s0.375_seed1
2026-06-01,depth_mistral7b_s0.50_seed1,depth_evo,mistralai/Mistral-7B-v0.3,0.50,10,8,wikitext2,2048,8192,kl,sdpa,float16,1,371.75,3.37e+02,37.00,Tesla T4,15.00,16.00,completed,last_successful_step=final_evaluation; dropped_attn_modules=16; dropped_mlp_modules=16,outputs/experiments/depth_mistral7b_s0.50_seed1
2026-06-01,depth_mistral7b_s0.375_g20_seed1,depth_evo,mistralai/Mistral-7B-v0.3,0.375,20,8,wikitext2,2048,8192,kl,sdpa,float16,1,26.00,2.45e+01,87.60,Tesla T4,15.00,16.00,completed,last_successful_step=final_evaluation; dropped_attn_modules=12; dropped_mlp_modules=12,outputs/experiments/depth_mistral7b_s0.375_g20_seed1
2026-06-01,depth_mistral7b_s0.375_g20_seed1_retry1,depth_evo,mistralai/Mistral-7B-v0.3,0.375,20,8,wikitext2,2048,8192,kl,sdpa,float16,1,26.00,2.45e+01,87.92,Tesla T4,15.00,16.00,completed,last_successful_step=final_evaluation; dropped_attn_modules=12; dropped_mlp_modules=12,outputs/experiments/depth_mistral7b_s0.375_g20_seed1_retry1
2026-06-01,dense_mistral7b_seed1,dense,mistralai/Mistral-7B-v0.3,,,,,2048,,,sdpa,float16,1,5.35,,6.40,Tesla T4,15.00,16.00,completed,last_successful_step=final_evaluation,outputs/experiments/dense_mistral7b_seed1
2026-06-01,baseline_random_mistral7b_s0.125_seed1,depth_baseline_random,mistralai/Mistral-7B-v0.3,0.125,,,wikitext2,2048,8192,,sdpa,float16,1,,,0.08,Tesla T4,15.00,16.00,failed,last_successful_step=baseline_evaluation_process_started; command_exit_code=1; reference_config=results/runs/depth_mistral7b_s0.125_seed1/layer_drop_config.txt; calibration_seed=1; protect_layer_zero=0,outputs/experiments/baseline_random_mistral7b_s0.125_seed1
2026-06-01,baseline_random_mistral7b_s0.125_seed1_retry1,depth_baseline_random,mistralai/Mistral-7B-v0.3,0.125,,,wikitext2,2048,8192,,sdpa,float16,1,,,0.73,Tesla T4,15.00,16.00,failed,last_successful_step=baseline_evaluation_process_started; command_exit_code=1; reference_config=results/runs/depth_mistral7b_s0.125_seed1/layer_drop_config.txt; calibration_seed=1; protect_layer_zero=0,outputs/experiments/baseline_random_mistral7b_s0.125_seed1_retry1
2026-06-01,baseline_random_mistral7b_s0.125_seed1_retry2,depth_baseline_random,mistralai/Mistral-7B-v0.3,0.125,,,wikitext2,2048,8192,,sdpa,float16,1,21.50,1.96e+01,5.43,Tesla T4,15.00,16.00,completed,last_successful_step=final_evaluation; reference_config=results/runs/depth_mistral7b_s0.125_seed1/layer_drop_config.txt; calibration_seed=1; dropped_attn_modules=4; dropped_mlp_modules=4; protect_layer_zero=0,outputs/experiments/baseline_random_mistral7b_s0.125_seed1_retry2
2026-06-01,baseline_random_mistral7b_s0.125_seed2,depth_baseline_random,mistralai/Mistral-7B-v0.3,0.125,,,wikitext2,2048,8192,,sdpa,float16,2,11.29,1.10e+01,5.90,Tesla T4,15.00,16.00,completed,last_successful_step=final_evaluation; reference_config=results/runs/depth_mistral7b_s0.125_seed1/layer_drop_config.txt; calibration_seed=1; dropped_attn_modules=4; dropped_mlp_modules=4; protect_layer_zero=0,outputs/experiments/baseline_random_mistral7b_s0.125_seed2
2026-06-01,baseline_random_mistral7b_s0.125_seed3,depth_baseline_random,mistralai/Mistral-7B-v0.3,0.125,,,wikitext2,2048,8192,,sdpa,float16,3,,,0.75,Tesla T4,15.00,16.00,failed,last_successful_step=baseline_evaluation_process_started; command_exit_code=1; reference_config=results/runs/depth_mistral7b_s0.125_seed1/layer_drop_config.txt; calibration_seed=1; protect_layer_zero=0,outputs/experiments/baseline_random_mistral7b_s0.125_seed3
2026-06-01,baseline_random_mistral7b_s0.125_seed3_retry1,depth_baseline_random,mistralai/Mistral-7B-v0.3,0.125,,,wikitext2,2048,8192,,sdpa,float16,3,38048.00,1.68e+04,5.48,Tesla T4,15.00,16.00,completed,last_successful_step=final_evaluation; reference_config=results/runs/depth_mistral7b_s0.125_seed1/layer_drop_config.txt; calibration_seed=1; dropped_attn_modules=4; dropped_mlp_modules=4; protect_layer_zero=0,outputs/experiments/baseline_random_mistral7b_s0.125_seed3_retry1
2026-06-01,baseline_random_mistral7b_s0.25_seed1,depth_baseline_random,mistralai/Mistral-7B-v0.3,0.25,,,wikitext2,2048,8192,,sdpa,float16,1,31.36,2.71e+01,5.03,Tesla T4,15.00,16.00,completed,last_successful_step=final_evaluation; reference_config=results/runs/depth_mistral7b_s0.25_seed1/layer_drop_config.txt; calibration_seed=1; dropped_attn_modules=8; dropped_mlp_modules=8; protect_layer_zero=0,outputs/experiments/baseline_random_mistral7b_s0.25_seed1
2026-06-02,baseline_random_mistral7b_s0.25_seed2,depth_baseline_random,mistralai/Mistral-7B-v0.3,0.25,,,wikitext2,2048,8192,,sdpa,float16,2,2490.00,2.55e+03,5.03,Tesla T4,15.00,16.00,completed,last_successful_step=final_evaluation; reference_config=results/runs/depth_mistral7b_s0.25_seed1/layer_drop_config.txt; calibration_seed=1; dropped_attn_modules=8; dropped_mlp_modules=8; protect_layer_zero=0,outputs/experiments/baseline_random_mistral7b_s0.25_seed2
2026-06-02,baseline_random_mistral7b_s0.25_seed3,depth_baseline_random,mistralai/Mistral-7B-v0.3,0.25,,,wikitext2,2048,8192,,sdpa,float16,3,13784.00,8.56e+03,5.18,Tesla T4,15.00,16.00,completed,last_successful_step=final_evaluation; reference_config=results/runs/depth_mistral7b_s0.25_seed1/layer_drop_config.txt; calibration_seed=1; dropped_attn_modules=8; dropped_mlp_modules=8; protect_layer_zero=0,outputs/experiments/baseline_random_mistral7b_s0.25_seed3
2026-06-02,baseline_random_mistral7b_s0.375_seed1,depth_baseline_random,mistralai/Mistral-7B-v0.3,0.375,,,wikitext2,2048,8192,,sdpa,float16,1,10736.00,3.89e+03,4.62,Tesla T4,15.00,16.00,completed,last_successful_step=final_evaluation; reference_config=results/runs/depth_mistral7b_s0.375_seed1/layer_drop_config.txt; calibration_seed=1; dropped_attn_modules=12; dropped_mlp_modules=12; protect_layer_zero=0,outputs/experiments/baseline_random_mistral7b_s0.375_seed1
2026-06-02,baseline_random_mistral7b_s0.375_seed2,depth_baseline_random,mistralai/Mistral-7B-v0.3,0.375,,,wikitext2,2048,8192,,sdpa,float16,2,4476.00,3.46e+03,4.67,Tesla T4,15.00,16.00,completed,last_successful_step=final_evaluation; reference_config=results/runs/depth_mistral7b_s0.375_seed1/layer_drop_config.txt; calibration_seed=1; dropped_attn_modules=12; dropped_mlp_modules=12; protect_layer_zero=0,outputs/experiments/baseline_random_mistral7b_s0.375_seed2
2026-06-02,baseline_random_mistral7b_s0.375_seed3,depth_baseline_random,mistralai/Mistral-7B-v0.3,0.375,,,wikitext2,2048,8192,,sdpa,float16,3,1158.00,1.21e+03,4.40,Tesla T4,15.00,16.00,completed,last_successful_step=final_evaluation; reference_config=results/runs/depth_mistral7b_s0.375_seed1/layer_drop_config.txt; calibration_seed=1; dropped_attn_modules=12; dropped_mlp_modules=12; protect_layer_zero=0,outputs/experiments/baseline_random_mistral7b_s0.375_seed3
2026-06-02,baseline_random_mistral7b_s0.50_seed1,depth_baseline_random,mistralai/Mistral-7B-v0.3,0.50,,,wikitext2,2048,8192,,sdpa,float16,1,8488.00,9.62e+03,3.97,Tesla T4,15.00,16.00,completed,last_successful_step=final_evaluation; reference_config=results/runs/depth_mistral7b_s0.50_seed1/layer_drop_config.txt; calibration_seed=1; dropped_attn_modules=16; dropped_mlp_modules=16; protect_layer_zero=0,outputs/experiments/baseline_random_mistral7b_s0.50_seed1
2026-06-02,baseline_random_mistral7b_s0.50_seed2,depth_baseline_random,mistralai/Mistral-7B-v0.3,0.50,,,wikitext2,2048,8192,,sdpa,float16,2,22544.00,1.69e+04,3.82,Tesla T4,15.00,16.00,completed,last_successful_step=final_evaluation; reference_config=results/runs/depth_mistral7b_s0.50_seed1/layer_drop_config.txt; calibration_seed=1; dropped_attn_modules=16; dropped_mlp_modules=16; protect_layer_zero=0,outputs/experiments/baseline_random_mistral7b_s0.50_seed2
2026-06-02,baseline_random_mistral7b_s0.50_seed3,depth_baseline_random,mistralai/Mistral-7B-v0.3,0.50,,,wikitext2,2048,8192,,sdpa,float16,3,,,3.58,Tesla T4,15.00,16.00,failed,last_successful_step=baseline_evaluation_process_started; command_exit_code=1; reference_config=results/runs/depth_mistral7b_s0.50_seed1/layer_drop_config.txt; calibration_seed=1; protect_layer_zero=0,outputs/experiments/baseline_random_mistral7b_s0.50_seed3
2026-06-02,baseline_late_layer_mistral7b_s0.125_seed1,depth_baseline_late_layer,mistralai/Mistral-7B-v0.3,0.125,,,wikitext2,2048,8192,,sdpa,float16,1,,,0.08,NVIDIA A40,44.99,16.00,failed,last_successful_step=baseline_evaluation_process_started; command_exit_code=1; reference_config=results/runs/depth_mistral7b_s0.125_seed1/layer_drop_config.txt; calibration_seed=1; protect_layer_zero=0,outputs/experiments/baseline_late_layer_mistral7b_s0.125_seed1
2026-06-02,baseline_late_layer_mistral7b_s0.25_seed1,depth_baseline_late_layer,mistralai/Mistral-7B-v0.3,0.25,,,wikitext2,2048,8192,,sdpa,float16,1,,,0.10,NVIDIA A40,44.99,16.00,failed,last_successful_step=baseline_evaluation_process_started; command_exit_code=1; reference_config=results/runs/depth_mistral7b_s0.25_seed1/layer_drop_config.txt; calibration_seed=1; protect_layer_zero=0,outputs/experiments/baseline_late_layer_mistral7b_s0.25_seed1
2026-06-02,baseline_late_layer_mistral7b_s0.375_seed1,depth_baseline_late_layer,mistralai/Mistral-7B-v0.3,0.375,,,wikitext2,2048,8192,,sdpa,float16,1,,,0.07,NVIDIA A40,44.99,16.00,failed,last_successful_step=baseline_evaluation_process_started; command_exit_code=1; reference_config=results/runs/depth_mistral7b_s0.375_seed1/layer_drop_config.txt; calibration_seed=1; protect_layer_zero=0,outputs/experiments/baseline_late_layer_mistral7b_s0.375_seed1
2026-06-02,baseline_late_layer_mistral7b_s0.50_seed1,depth_baseline_late_layer,mistralai/Mistral-7B-v0.3,0.50,,,wikitext2,2048,8192,,sdpa,float16,1,,,0.07,NVIDIA A40,44.99,16.00,failed,last_successful_step=baseline_evaluation_process_started; command_exit_code=1; reference_config=results/runs/depth_mistral7b_s0.50_seed1/layer_drop_config.txt; calibration_seed=1; protect_layer_zero=0,outputs/experiments/baseline_late_layer_mistral7b_s0.50_seed1
2026-06-02,baseline_late_layer_mistral7b_s0.125_seed1_retry1,depth_baseline_late_layer,mistralai/Mistral-7B-v0.3,0.125,,,wikitext2,2048,8192,,sdpa,float16,1,61.16,6.41e+01,1.77,NVIDIA A40,44.99,16.00,completed,last_successful_step=final_evaluation; reference_config=results/runs/depth_mistral7b_s0.125_seed1/layer_drop_config.txt; calibration_seed=1; dropped_attn_modules=4; dropped_mlp_modules=4; protect_layer_zero=0,outputs/experiments/baseline_late_layer_mistral7b_s0.125_seed1_retry1
2026-06-02,baseline_late_layer_mistral7b_s0.25_seed1_retry1,depth_baseline_late_layer,mistralai/Mistral-7B-v0.3,0.25,,,wikitext2,2048,8192,,sdpa,float16,1,541.00,6.78e+02,1.52,NVIDIA A40,44.99,16.00,completed,last_successful_step=final_evaluation; reference_config=results/runs/depth_mistral7b_s0.25_seed1/layer_drop_config.txt; calibration_seed=1; dropped_attn_modules=8; dropped_mlp_modules=8; protect_layer_zero=0,outputs/experiments/baseline_late_layer_mistral7b_s0.25_seed1_retry1
2026-06-02,baseline_late_layer_mistral7b_s0.375_seed1_retry1,depth_baseline_late_layer,mistralai/Mistral-7B-v0.3,0.375,,,wikitext2,2048,8192,,sdpa,float16,1,1419.00,1.65e+03,1.33,NVIDIA A40,44.99,16.00,completed,last_successful_step=final_evaluation; reference_config=results/runs/depth_mistral7b_s0.375_seed1/layer_drop_config.txt; calibration_seed=1; dropped_attn_modules=12; dropped_mlp_modules=12; protect_layer_zero=0,outputs/experiments/baseline_late_layer_mistral7b_s0.375_seed1_retry1
2026-06-02,baseline_late_layer_mistral7b_s0.50_seed1_retry1,depth_baseline_late_layer,mistralai/Mistral-7B-v0.3,0.50,,,wikitext2,2048,8192,,sdpa,float16,1,4992.00,4.34e+03,1.20,NVIDIA A40,44.99,16.00,completed,last_successful_step=final_evaluation; reference_config=results/runs/depth_mistral7b_s0.50_seed1/layer_drop_config.txt; calibration_seed=1; dropped_attn_modules=16; dropped_mlp_modules=16; protect_layer_zero=0,outputs/experiments/baseline_late_layer_mistral7b_s0.50_seed1_retry1
2026-06-02,depth_mistral7b_s0.375_seed2,depth_evo,mistralai/Mistral-7B-v0.3,0.375,10,8,wikitext2,2048,8192,kl,sdpa,float16,2,40.19,2.85e+01,9.38,NVIDIA A40,44.99,16.00,completed,last_successful_step=final_evaluation; dropped_attn_modules=12; dropped_mlp_modules=12,outputs/experiments/depth_mistral7b_s0.375_seed2
2026-06-02,depth_mistral7b_s0.375_seed3,depth_evo,mistralai/Mistral-7B-v0.3,0.375,10,8,wikitext2,2048,8192,kl,sdpa,float16,3,47.91,4.19e+01,9.35,NVIDIA A40,44.99,16.00,completed,last_successful_step=final_evaluation; dropped_attn_modules=12; dropped_mlp_modules=12,outputs/experiments/depth_mistral7b_s0.375_seed3
2026-06-02,sparse_db_tinyllama_qproj_s0.50,sparse_db,TinyLlama/TinyLlama-1.1B-Chat-v1.0,0.50,,,wikitext2,1024,4096,,sdpa,float16,0,,,0.12,Tesla T4,15.00,16.00,failed,last_successful_step=sparse_database_process_started; command_exit_code=1; prunable_modules=.*layers.*q_proj$; num_levels=3; metadata_present=0; generated_module_dirs=0; generated_level_files=0; database_size_mb=0; max_cpu_memory_gb=2.15; max_gpu_memory_gb=0.00; last_progress=,outputs/experiments/sparse_db_tinyllama_qproj_s0.50
2026-06-02,sparse_db_tinyllama_qproj_s0.50_retry1,sparse_db,TinyLlama/TinyLlama-1.1B-Chat-v1.0,0.50,,,wikitext2,1024,4096,,sdpa,float16,0,,,1.68,Tesla T4,15.00,16.00,completed,last_successful_step=sparse_database_generated; prunable_modules=.*layers.*q_proj$; num_levels=3; metadata_present=1; generated_module_dirs=22; generated_level_files=154; database_size_mb=1233; max_cpu_memory_gb=10.31; max_gpu_memory_gb=0.89,outputs/experiments/sparse_db_tinyllama_qproj_s0.50_retry1
2026-06-03,sparse_search_tinyllama_qproj_s0.50_g20_seed0,sparse_search,TinyLlama/TinyLlama-1.1B-Chat-v1.0,0.50,20,8,wikitext2,1024,4096,kl,sdpa,float16,0,,,0.08,NVIDIA A40,44.99,16.00,failed,last_successful_step=sparse_search_process_started; command_exit_code=1; parser_exit_code=0; sparse_weights_path=outputs/experiments/sparse_db_tinyllama_qproj_s0.50_retry1/sparse_db; max_cpu_memory_gb=1.56; max_gpu_memory_gb=0.00,outputs/experiments/sparse_search_tinyllama_qproj_s0.50_g20_seed0
2026-06-03,sparse_search_tinyllama_qproj_s0.50_g20_seed0_retry1,sparse_search,TinyLlama/TinyLlama-1.1B-Chat-v1.0,0.50,20,8,wikitext2,1024,4096,kl,sdpa,float16,0,9.00,9.83,6.18,NVIDIA A40,44.99,16.00,completed,"last_successful_step=final_evaluation; sparse_weights_path=outputs/experiments/sparse_db_tinyllama_qproj_s0.50_retry1/sparse_db; configuration_name=sparse_search_tinyllama_qproj_s0.50_g20_seed0_retry1_final_configuration.txt; final_search_point=[3,3,0,-2,1,-2,-1,-1,-1,-1,-2,-1,3,0,-1,2,-1,0,0,1,-1,1]; max_cpu_memory_gb=6.80; max_gpu_memory_gb=2.68",outputs/experiments/sparse_search_tinyllama_qproj_s0.50_g20_seed0_retry1
2026-06-04,dense_tinyllama_seq1024_seed0,dense_tiny,TinyLlama/TinyLlama-1.1B-Chat-v1.0,,,,,1024,,,sdpa,float16,0,8.97,,1.12,Tesla T4,15.00,16.00,completed,last_successful_step=final_evaluation; drop_layer_config=none; sparse_weights_path=none; sparse_config_path=none; sparse_default_level=0; quant_weights_path=none; quant_config_path=none; quant_default_level=0; eval_tokens=4096,outputs/experiments/dense_tinyllama_seq1024_seed0
2026-06-05,depth_tinyllama_s0.125_seed0,depth_evo_tiny,TinyLlama/TinyLlama-1.1B-Chat-v1.0,0.125,10,8,wikitext2,1024,4096,kl,sdpa,float16,0,12.02,1.30e+01,9.25,Tesla T4,15.00,16.00,completed,last_successful_step=final_evaluation; dropped_attn_modules=2; dropped_mlp_modules=2,outputs/experiments/depth_tinyllama_s0.125_seed0
2026-06-05,depth_tinyllama_s0.25_seed0,depth_evo_tiny,TinyLlama/TinyLlama-1.1B-Chat-v1.0,0.25,10,8,wikitext2,1024,4096,kl,sdpa,float16,0,42.59,4.52e+01,8.23,Tesla T4,15.00,16.00,completed,last_successful_step=final_evaluation; dropped_attn_modules=5; dropped_mlp_modules=5,outputs/experiments/depth_tinyllama_s0.25_seed0
2026-06-05,combined_tiny_depth0125_sparse50_uniform_seed0,combined_depth_sparse_eval,TinyLlama/TinyLlama-1.1B-Chat-v1.0,depth0.125+sparse0.50,,,,1024,,,sdpa,float16,0,11.97,,0.52,NVIDIA A40,44.99,16.00,completed,last_successful_step=final_evaluation; drop_layer_config=outputs/experiments/depth_tinyllama_s0.125_seed0/layer_drop_config.txt; sparse_weights_path=outputs/experiments/sparse_db_tinyllama_qproj_s0.50_retry1/sparse_db; sparse_config_path=none; sparse_default_level=0; quant_weights_path=none; quant_config_path=none; quant_default_level=0; eval_tokens=4096,outputs/experiments/combined_tiny_depth0125_sparse50_uniform_seed0
2026-06-05,combined_tiny_depth025_sparse50_uniform_seed0,combined_depth_sparse_eval,TinyLlama/TinyLlama-1.1B-Chat-v1.0,depth0.25+sparse0.50,,,,1024,,,sdpa,float16,0,43.19,,0.45,NVIDIA A40,44.99,16.00,completed,last_successful_step=final_evaluation; drop_layer_config=outputs/experiments/depth_tinyllama_s0.25_seed0/layer_drop_config.txt; sparse_weights_path=outputs/experiments/sparse_db_tinyllama_qproj_s0.50_retry1/sparse_db; sparse_config_path=none; sparse_default_level=0; quant_weights_path=none; quant_config_path=none; quant_default_level=0; eval_tokens=4096,outputs/experiments/combined_tiny_depth025_sparse50_uniform_seed0
2026-06-05,combined_tiny_depth0125_sparse_searchcfg_seed0,combined_depth_sparse_eval,TinyLlama/TinyLlama-1.1B-Chat-v1.0,depth0.125+sparse_search,,,,1024,,,sdpa,float16,0,11.92,,0.48,NVIDIA A40,44.99,16.00,completed,last_successful_step=final_evaluation; drop_layer_config=outputs/experiments/depth_tinyllama_s0.125_seed0/layer_drop_config.txt; sparse_weights_path=outputs/experiments/sparse_db_tinyllama_qproj_s0.50_retry1/sparse_db; sparse_config_path=results/runs/sparse_search_tinyllama_qproj_s0.50_g20_seed0_retry1/sparse_configuration.txt; sparse_default_level=0; quant_weights_path=none; quant_config_path=none; quant_default_level=0; eval_tokens=4096,outputs/experiments/combined_tiny_depth0125_sparse_searchcfg_seed0
2026-06-05,combined_tiny_depth025_sparse_searchcfg_seed0,combined_depth_sparse_eval,TinyLlama/TinyLlama-1.1B-Chat-v1.0,depth0.25+sparse_search,,,,1024,,,sdpa,float16,0,43.44,,0.47,NVIDIA A40,44.99,16.00,completed,last_successful_step=final_evaluation; drop_layer_config=outputs/experiments/depth_tinyllama_s0.25_seed0/layer_drop_config.txt; sparse_weights_path=outputs/experiments/sparse_db_tinyllama_qproj_s0.50_retry1/sparse_db; sparse_config_path=results/runs/sparse_search_tinyllama_qproj_s0.50_g20_seed0_retry1/sparse_configuration.txt; sparse_default_level=0; quant_weights_path=none; quant_config_path=none; quant_default_level=0; eval_tokens=4096,outputs/experiments/combined_tiny_depth025_sparse_searchcfg_seed0
2026-06-06,quant_db_tinyllama_qproj_bits234,quant_db,TinyLlama/TinyLlama-1.1B-Chat-v1.0,2 3 4,,,wikitext2,1024,4096,,sdpa,float16,0,,,1.43,NVIDIA A40,44.99,16.00,completed,last_successful_step=quant_database_generated; quantizable_modules=.*layers.*q_proj$; bitwidth_options=2 3 4; calibration_bitwidth=3; group_size=128; generated_module_dirs=22; generated_weight_files=66; missing_expected_weight_files=0; database_size_mb=529; max_cpu_memory_gb=9.96; max_gpu_memory_gb=1.06; quant_db_dir=outputs/experiments/quant_db_tinyllama_qproj_bits234/quant_db/TinyLlama-1.1B-Chat-v1.0/3bit,outputs/experiments/quant_db_tinyllama_qproj_bits234
2026-06-06,quant_search_tinyllama_qproj_3bit_g20_seed0,quant_search,TinyLlama/TinyLlama-1.1B-Chat-v1.0,3.0,20,8,wikitext2,1024,4096,kl,sdpa,float16,0,9.00,9.87,6.25,NVIDIA A40,44.99,16.00,completed,"last_successful_step=final_evaluation; quant_weights_path=outputs/experiments/quant_db_tinyllama_qproj_bits234/quant_db/TinyLlama-1.1B-Chat-v1.0/3bit; configuration_name=quant_search_tinyllama_qproj_3bit_g20_seed0_final_configuration.txt; target_bitwidth=3.0; actual_average_bitwidth=3.0000; final_search_point=[[2,2,2,2,3,3,3,3,4,3,3,4,3,3,3,4,3,3,3,3,3,4]]; max_cpu_memory_gb=6.47; max_gpu_memory_gb=2.81",outputs/experiments/quant_search_tinyllama_qproj_3bit_g20_seed0
2026-06-06,joint_tiny_depth0125_quant3_g10_seed0,combined_depth_quant_search,TinyLlama/TinyLlama-1.1B-Chat-v1.0,depth0.125+quant3.0,10,8,wikitext2,1024,4096,kl,sdpa,float16,0,11.03,12.09,3.25,NVIDIA A40,44.99,16.00,completed,last_successful_step=final_evaluation; quant_weights_path=outputs/experiments/quant_db_tinyllama_qproj_bits234/quant_db/TinyLlama-1.1B-Chat-v1.0/3bit; drop_sparsity=0.125; target_bitwidth=3.0; actual_average_bitwidth=3.0000e+00; dropped_attn_modules=2; dropped_mlp_modules=2; max_cpu_memory_gb=6.41; max_gpu_memory_gb=2.70,outputs/experiments/joint_tiny_depth0125_quant3_g10_seed0
2026-06-06,replay_joint_tiny_depth0125_quant3_seed0,combined_depth_quant_eval,TinyLlama/TinyLlama-1.1B-Chat-v1.0,depth0.125+quant3.0,,,,1024,,,sdpa,float16,0,11.03,,0.50,NVIDIA A40,44.99,16.00,completed,last_successful_step=final_evaluation; drop_layer_config=outputs/experiments/joint_tiny_depth0125_quant3_g10_seed0/joint_drop_config.txt; sparse_weights_path=none; sparse_config_path=none; sparse_default_level=0; quant_weights_path=outputs/experiments/quant_db_tinyllama_qproj_bits234/quant_db/TinyLlama-1.1B-Chat-v1.0/3bit; quant_config_path=outputs/experiments/joint_tiny_depth0125_quant3_g10_seed0/joint_quant_config.txt; quant_default_level=0; eval_tokens=4096,outputs/experiments/replay_joint_tiny_depth0125_quant3_seed0
2026-06-06,combined_tiny_depth0125_quant3_independent_seed0,combined_depth_quant_eval,TinyLlama/TinyLlama-1.1B-Chat-v1.0,depth0.125+quant3.0,,,,1024,,,sdpa,float16,0,11.97,,0.57,NVIDIA A40,44.99,16.00,completed,last_successful_step=final_evaluation; drop_layer_config=outputs/experiments/depth_tinyllama_s0.125_seed0/layer_drop_config.txt; sparse_weights_path=none; sparse_config_path=none; sparse_default_level=0; quant_weights_path=outputs/experiments/quant_db_tinyllama_qproj_bits234/quant_db/TinyLlama-1.1B-Chat-v1.0/3bit; quant_config_path=outputs/experiments/quant_search_tinyllama_qproj_3bit_g20_seed0/quant_configuration.txt; quant_default_level=0; eval_tokens=4096,outputs/experiments/combined_tiny_depth0125_quant3_independent_seed0
2026-06-06,ablation_jointdrop_independentquant_seed0,combined_depth_quant_eval,TinyLlama/TinyLlama-1.1B-Chat-v1.0,jointdepth+independentquant3.0,,,,1024,,,sdpa,float16,0,11.01,,0.52,NVIDIA A40,44.99,16.00,completed,last_successful_step=final_evaluation; drop_layer_config=outputs/experiments/joint_tiny_depth0125_quant3_g10_seed0/joint_drop_config.txt; sparse_weights_path=none; sparse_config_path=none; sparse_default_level=0; quant_weights_path=outputs/experiments/quant_db_tinyllama_qproj_bits234/quant_db/TinyLlama-1.1B-Chat-v1.0/3bit; quant_config_path=outputs/experiments/quant_search_tinyllama_qproj_3bit_g20_seed0/quant_configuration.txt; quant_default_level=0; eval_tokens=4096,outputs/experiments/ablation_jointdrop_independentquant_seed0
2026-06-06,ablation_independentdrop_jointquant_seed0,combined_depth_quant_eval,TinyLlama/TinyLlama-1.1B-Chat-v1.0,independentdepth+jointquant3.0,,,,1024,,,sdpa,float16,0,12.02,,0.48,NVIDIA A40,44.99,16.00,completed,last_successful_step=final_evaluation; drop_layer_config=outputs/experiments/depth_tinyllama_s0.125_seed0/layer_drop_config.txt; sparse_weights_path=none; sparse_config_path=none; sparse_default_level=0; quant_weights_path=outputs/experiments/quant_db_tinyllama_qproj_bits234/quant_db/TinyLlama-1.1B-Chat-v1.0/3bit; quant_config_path=outputs/experiments/joint_tiny_depth0125_quant3_g10_seed0/joint_quant_config.txt; quant_default_level=0; eval_tokens=4096,outputs/experiments/ablation_independentdrop_jointquant_seed0
2026-06-06,ablation_jointdrop_noquant_seed0,depth_jointmask_eval,TinyLlama/TinyLlama-1.1B-Chat-v1.0,jointdepth0.125,,,,1024,,,sdpa,float16,0,10.92,,0.48,NVIDIA A40,44.99,16.00,completed,last_successful_step=final_evaluation; drop_layer_config=outputs/experiments/joint_tiny_depth0125_quant3_g10_seed0/joint_drop_config.txt; sparse_weights_path=none; sparse_config_path=none; sparse_default_level=0; quant_weights_path=none; quant_config_path=none; quant_default_level=0; eval_tokens=4096,outputs/experiments/ablation_jointdrop_noquant_seed0
2026-06-06,ablation_jointdrop_uniformquant3_seed0,combined_depth_quant_eval,TinyLlama/TinyLlama-1.1B-Chat-v1.0,jointdepth0.125+uniformquant3.0,,,,1024,,,sdpa,float16,0,11.05,,0.50,NVIDIA A40,44.99,16.00,completed,last_successful_step=final_evaluation; drop_layer_config=outputs/experiments/joint_tiny_depth0125_quant3_g10_seed0/joint_drop_config.txt; sparse_weights_path=none; sparse_config_path=none; sparse_default_level=0; quant_weights_path=outputs/experiments/quant_db_tinyllama_qproj_bits234/quant_db/TinyLlama-1.1B-Chat-v1.0/3bit; quant_config_path=none; quant_default_level=3; eval_tokens=4096,outputs/experiments/ablation_jointdrop_uniformquant3_seed0
2026-06-06,depth_tinyllama_s0.125_seed1,depth_evo_tiny,TinyLlama/TinyLlama-1.1B-Chat-v1.0,0.125,10,8,wikitext2,1024,4096,kl,sdpa,float16,1,12.28,1.32e+01,3.28,NVIDIA A40,44.99,16.00,completed,last_successful_step=final_evaluation; dropped_attn_modules=2; dropped_mlp_modules=2,outputs/experiments/depth_tinyllama_s0.125_seed1
2026-06-06,joint_tiny_depth0125_quant3_g10_seed1,combined_depth_quant_search,TinyLlama/TinyLlama-1.1B-Chat-v1.0,depth0.125+quant3.0,10,8,wikitext2,1024,4096,kl,sdpa,float16,1,12.55,13.17,3.25,NVIDIA A40,44.99,16.00,completed,last_successful_step=final_evaluation; quant_weights_path=outputs/experiments/quant_db_tinyllama_qproj_bits234/quant_db/TinyLlama-1.1B-Chat-v1.0/3bit; drop_sparsity=0.125; target_bitwidth=3.0; actual_average_bitwidth=3.0000e+00; dropped_attn_modules=2; dropped_mlp_modules=2; max_cpu_memory_gb=6.43; max_gpu_memory_gb=2.70,outputs/experiments/joint_tiny_depth0125_quant3_g10_seed1
2026-06-06,depth_tinyllama_s0.125_seed2,depth_evo_tiny,TinyLlama/TinyLlama-1.1B-Chat-v1.0,0.125,10,8,wikitext2,1024,4096,kl,sdpa,float16,2,11.03,1.25e+01,3.25,NVIDIA A40,44.99,16.00,completed,last_successful_step=final_evaluation; dropped_attn_modules=2; dropped_mlp_modules=2,outputs/experiments/depth_tinyllama_s0.125_seed2
2026-06-06,joint_tiny_depth0125_quant3_g10_seed2,combined_depth_quant_search,TinyLlama/TinyLlama-1.1B-Chat-v1.0,depth0.125+quant3.0,10,8,wikitext2,1024,4096,kl,sdpa,float16,2,11.72,13.09,3.28,NVIDIA A40,44.99,16.00,completed,last_successful_step=final_evaluation; quant_weights_path=outputs/experiments/quant_db_tinyllama_qproj_bits234/quant_db/TinyLlama-1.1B-Chat-v1.0/3bit; drop_sparsity=0.125; target_bitwidth=3.0; actual_average_bitwidth=3.0000e+00; dropped_attn_modules=2; dropped_mlp_modules=2; max_cpu_memory_gb=6.43; max_gpu_memory_gb=2.70,outputs/experiments/joint_tiny_depth0125_quant3_g10_seed2
2026-06-06,ablation_jointdrop_noquant_seed1,depth_jointmask_eval,TinyLlama/TinyLlama-1.1B-Chat-v1.0,jointdepth0.125,,,,1024,,,sdpa,float16,1,12.33,,0.48,NVIDIA A40,44.99,16.00,completed,last_successful_step=final_evaluation; drop_layer_config=outputs/experiments/joint_tiny_depth0125_quant3_g10_seed1/joint_drop_config.txt; sparse_weights_path=none; sparse_config_path=none; sparse_default_level=0; quant_weights_path=none; quant_config_path=none; quant_default_level=0; eval_tokens=4096,outputs/experiments/ablation_jointdrop_noquant_seed1
2026-06-06,ablation_jointdrop_noquant_seed2,depth_jointmask_eval,TinyLlama/TinyLlama-1.1B-Chat-v1.0,jointdepth0.125,,,,1024,,,sdpa,float16,2,11.60,,0.50,NVIDIA A40,44.99,16.00,completed,last_successful_step=final_evaluation; drop_layer_config=outputs/experiments/joint_tiny_depth0125_quant3_g10_seed2/joint_drop_config.txt; sparse_weights_path=none; sparse_config_path=none; sparse_default_level=0; quant_weights_path=none; quant_config_path=none; quant_default_level=0; eval_tokens=4096,outputs/experiments/ablation_jointdrop_noquant_seed2
2026-06-07,quant_db_tinyllama_attention_bits234,quant_db,TinyLlama/TinyLlama-1.1B-Chat-v1.0,2 3 4,,,wikitext2,1024,4096,,sdpa,float16,0,,,3.42,NVIDIA A40,44.99,16.00,completed,last_successful_step=quant_database_generated; quantizable_modules=.*layers.*self_attn.*((q|k|v|o)_proj)$; bitwidth_options=2 3 4; calibration_bitwidth=3; group_size=128; drop_saved_file_cache=1; generated_module_dirs=88; generated_weight_files=264; missing_expected_weight_files=0; database_size_mb=1189; max_cpu_memory_gb=8.48; max_gpu_memory_gb=1.10; quant_db_dir=outputs/experiments/quant_db_tinyllama_attention_bits234/quant_db/TinyLlama-1.1B-Chat-v1.0/3bit,outputs/experiments/quant_db_tinyllama_attention_bits234
2026-06-07,quant_db_tinyllama_alllinear_bits234,quant_db,TinyLlama/TinyLlama-1.1B-Chat-v1.0,2 3 4,,,wikitext2,1024,4096,,sdpa,float16,0,,,6.73,NVIDIA A40,44.99,16.00,completed,last_successful_step=quant_database_generated; quantizable_modules=.*layers.*((q|k|v|o|gate|up|down)_proj)$; bitwidth_options=2 3 4; calibration_bitwidth=3; group_size=128; drop_saved_file_cache=1; generated_module_dirs=154; generated_weight_files=462; missing_expected_weight_files=0; database_size_mb=5545; max_cpu_memory_gb=7.43; max_gpu_memory_gb=1.77; quant_db_dir=outputs/experiments/quant_db_tinyllama_alllinear_bits234/quant_db/TinyLlama-1.1B-Chat-v1.0/3bit,outputs/experiments/quant_db_tinyllama_alllinear_bits234
2026-06-07,quant_eval_tinyllama_alllinear_uniform3_seed0,quant_alllinear_uniform_eval,TinyLlama/TinyLlama-1.1B-Chat-v1.0,alllinear_quant3,,,,1024,,,sdpa,float16,0,13.62,,0.62,NVIDIA A40,44.99,16.00,completed,last_successful_step=final_evaluation; drop_layer_config=none; sparse_weights_path=none; sparse_config_path=none; sparse_default_level=0; quant_weights_path=outputs/experiments/quant_db_tinyllama_alllinear_bits234/quant_db/TinyLlama-1.1B-Chat-v1.0/3bit; quant_config_path=none; quant_default_level=3; eval_tokens=4096,outputs/experiments/quant_eval_tinyllama_alllinear_uniform3_seed0
2026-06-07,quant_eval_tinyllama_alllinear_uniform3_seed0_retry1,quant_alllinear_uniform_eval,TinyLlama/TinyLlama-1.1B-Chat-v1.0,alllinear_quant3,,,,1024,,,sdpa,float16,0,13.62,,0.52,NVIDIA A40,44.99,16.00,completed,last_successful_step=final_evaluation; drop_layer_config=none; sparse_weights_path=none; sparse_config_path=none; sparse_default_level=0; quant_weights_path=outputs/experiments/quant_db_tinyllama_alllinear_bits234/quant_db/TinyLlama-1.1B-Chat-v1.0/3bit; quant_config_path=none; quant_default_level=3; eval_tokens=4096,outputs/experiments/quant_eval_tinyllama_alllinear_uniform3_seed0_retry1
2026-06-07,quant_search_tinyllama_alllinear_3bit_g20_seed0,quant_search,TinyLlama/TinyLlama-1.1B-Chat-v1.0,3.0,20,8,wikitext2,1024,4096,kl,sdpa,float16,0,14.58,15.70,6.42,NVIDIA A40,44.99,16.00,completed,"last_successful_step=final_evaluation; quant_weights_path=outputs/experiments/quant_db_tinyllama_alllinear_bits234/quant_db/TinyLlama-1.1B-Chat-v1.0/3bit; configuration_name=quant_search_tinyllama_alllinear_3bit_g20_seed0_final_configuration.txt; target_bitwidth=3.0; actual_average_bitwidth=3.0000; final_search_point=[[3,3,3,3,3,3,3,3,3,3,3,3,3,3,3,3,3,3,3,3,3,3,3,3,3,3,3,3,3,3,3,3,3,3,3,3,3,3,3,3,3,3,3,3,3,3,3,3,3,3,3,3,3,3,3,3,3,3,3,3,3,3,3,3,3,3],[3,3,2,2,2,3,3,3,3,4,3,3,3,4,3,4,3,3,3,4,3,3,3,3,3,3,2,3,3,4,3,3,3,2,3,3,3,4,2,3,3,3,3,3],[2,2,3,3,3,3,3,2,3,3,3,3,3,3,3,3,3,3,3,3,3,3,3,3,3,3,4,3,3,3,3,3,3,3,4,4,3,4,3,3,3,3,3,2]]; max_cpu_memory_gb=10.66; max_gpu_memory_gb=2.81",outputs/experiments/quant_search_tinyllama_alllinear_3bit_g20_seed0
2026-06-07,combined_tiny_depth0125_quant3_alllinear_uniform_seed0,combined_depth_quant_eval,TinyLlama/TinyLlama-1.1B-Chat-v1.0,depth0.125+alllinear_quant3_uniform,,,,1024,,,sdpa,float16,0,21.77,,0.50,NVIDIA A40,44.99,16.00,completed,last_successful_step=final_evaluation; drop_layer_config=outputs/experiments/depth_tinyllama_s0.125_seed0/layer_drop_config.txt; sparse_weights_path=none; sparse_config_path=none; sparse_default_level=0; quant_weights_path=outputs/experiments/quant_db_tinyllama_alllinear_bits234/quant_db/TinyLlama-1.1B-Chat-v1.0/3bit; quant_config_path=none; quant_default_level=3; eval_tokens=4096,outputs/experiments/combined_tiny_depth0125_quant3_alllinear_uniform_seed0
2026-06-07,combined_tiny_depth0125_quant3_alllinear_independent_seed0,combined_depth_quant_eval,TinyLlama/TinyLlama-1.1B-Chat-v1.0,depth0.125+alllinear_quant3_search,,,,1024,,,sdpa,float16,0,23.81,,0.50,NVIDIA A40,44.99,16.00,completed,last_successful_step=final_evaluation; drop_layer_config=outputs/experiments/depth_tinyllama_s0.125_seed0/layer_drop_config.txt; sparse_weights_path=none; sparse_config_path=none; sparse_default_level=0; quant_weights_path=outputs/experiments/quant_db_tinyllama_alllinear_bits234/quant_db/TinyLlama-1.1B-Chat-v1.0/3bit; quant_config_path=outputs/experiments/quant_search_tinyllama_alllinear_3bit_g20_seed0/quant_configuration.txt; quant_default_level=0; eval_tokens=4096,outputs/experiments/combined_tiny_depth0125_quant3_alllinear_independent_seed0
2026-06-07,joint_tiny_depth0125_alllinear_quant3_active_g10_seed0,combined_depth_quant_search,TinyLlama/TinyLlama-1.1B-Chat-v1.0,depth0.125+quant3.0,10,8,wikitext2,1024,4096,kl,sdpa,float16,0,21.47,25.64,3.30,NVIDIA A40,44.99,16.00,completed,last_successful_step=final_evaluation; quant_weights_path=outputs/experiments/quant_db_tinyllama_alllinear_bits234/quant_db/TinyLlama-1.1B-Chat-v1.0/3bit; drop_sparsity=0.125; target_bitwidth=3.0; active_quant_budget=1; actual_average_bitwidth=3.0000e+00; dropped_attn_modules=2; dropped_mlp_modules=2; max_cpu_memory_gb=10.84; max_gpu_memory_gb=2.74,outputs/experiments/joint_tiny_depth0125_alllinear_quant3_active_g10_seed0
2026-06-07,combined_tiny_depth0125_alllinear_quant3_independent_seed0,combined_depth_quant_eval,TinyLlama/TinyLlama-1.1B-Chat-v1.0,depth0.125+alllinear_quant3,,,,1024,,,sdpa,float16,0,23.81,,0.50,NVIDIA A40,44.99,16.00,completed,last_successful_step=final_evaluation; drop_layer_config=outputs/experiments/depth_tinyllama_s0.125_seed0/layer_drop_config.txt; sparse_weights_path=none; sparse_config_path=none; sparse_default_level=0; quant_weights_path=outputs/experiments/quant_db_tinyllama_alllinear_bits234/quant_db/TinyLlama-1.1B-Chat-v1.0/3bit; quant_config_path=outputs/experiments/quant_search_tinyllama_alllinear_3bit_g20_seed0/quant_configuration.txt; quant_default_level=0; eval_tokens=4096,outputs/experiments/combined_tiny_depth0125_alllinear_quant3_independent_seed0
2026-06-07,ablation_jointdrop_alllinear_noquant_seed0,depth_jointmask_eval,TinyLlama/TinyLlama-1.1B-Chat-v1.0,jointdepth0.125,,,,1024,,,sdpa,float16,0,12.52,,0.50,NVIDIA A40,44.99,16.00,completed,last_successful_step=final_evaluation; drop_layer_config=outputs/experiments/joint_tiny_depth0125_alllinear_quant3_active_g10_seed0/joint_drop_config.txt; sparse_weights_path=none; sparse_config_path=none; sparse_default_level=0; quant_weights_path=none; quant_config_path=none; quant_default_level=0; eval_tokens=4096,outputs/experiments/ablation_jointdrop_alllinear_noquant_seed0
2026-06-07,replay_joint_tiny_depth0125_alllinear_quant3_seed0,combined_depth_quant_eval,TinyLlama/TinyLlama-1.1B-Chat-v1.0,depth0.125+alllinear_quant3,,,,1024,,,sdpa,float16,0,21.47,,0.52,NVIDIA A40,44.99,16.00,completed,last_successful_step=final_evaluation; drop_layer_config=outputs/experiments/joint_tiny_depth0125_alllinear_quant3_active_g10_seed0/joint_drop_config.txt; sparse_weights_path=none; sparse_config_path=none; sparse_default_level=0; quant_weights_path=outputs/experiments/quant_db_tinyllama_alllinear_bits234/quant_db/TinyLlama-1.1B-Chat-v1.0/3bit; quant_config_path=outputs/experiments/joint_tiny_depth0125_alllinear_quant3_active_g10_seed0/joint_quant_config.txt; quant_default_level=0; eval_tokens=4096,outputs/experiments/replay_joint_tiny_depth0125_alllinear_quant3_seed0
2026-06-07,ablation_jointdrop_alllinear_uniformquant3_seed0,combined_depth_quant_eval,TinyLlama/TinyLlama-1.1B-Chat-v1.0,jointdepth0.125+alllinear_uniform3,,,,1024,,,sdpa,float16,0,21.25,,0.48,NVIDIA A40,44.99,16.00,completed,last_successful_step=final_evaluation; drop_layer_config=outputs/experiments/joint_tiny_depth0125_alllinear_quant3_active_g10_seed0/joint_drop_config.txt; sparse_weights_path=none; sparse_config_path=none; sparse_default_level=0; quant_weights_path=outputs/experiments/quant_db_tinyllama_alllinear_bits234/quant_db/TinyLlama-1.1B-Chat-v1.0/3bit; quant_config_path=none; quant_default_level=3; eval_tokens=4096,outputs/experiments/ablation_jointdrop_alllinear_uniformquant3_seed0
2026-06-07,ablation_independentdrop_alllinear_jointquant_seed0,combined_depth_quant_eval,TinyLlama/TinyLlama-1.1B-Chat-v1.0,independentdepth0.125+alllinear_jointquant3,,,,1024,,,sdpa,float16,0,22.14,,0.50,NVIDIA A40,44.99,16.00,completed,last_successful_step=final_evaluation; drop_layer_config=outputs/experiments/depth_tinyllama_s0.125_seed0/layer_drop_config.txt; sparse_weights_path=none; sparse_config_path=none; sparse_default_level=0; quant_weights_path=outputs/experiments/quant_db_tinyllama_alllinear_bits234/quant_db/TinyLlama-1.1B-Chat-v1.0/3bit; quant_config_path=outputs/experiments/joint_tiny_depth0125_alllinear_quant3_active_g10_seed0/joint_quant_config.txt; quant_default_level=0; eval_tokens=4096,outputs/experiments/ablation_independentdrop_alllinear_jointquant_seed0
2026-06-10,debug_reporting_depth_tiny_seed0,depth_evo_tiny,TinyLlama/TinyLlama-1.1B-Chat-v1.0,0.125,2,2,wikitext2,512,1024,kl,sdpa,float16,0,14.47,1.87e+01,2.93,Tesla T4,15.00,16.00,completed,last_successful_step=final_evaluation; dropped_attn_modules=2; dropped_mlp_modules=2,outputs/experiments/debug_reporting_depth_tiny_seed0
2026-06-10,debug_reporting_quant_tiny_seed0,quant_search,TinyLlama/TinyLlama-1.1B-Chat-v1.0,3.0,2,2,wikitext2,512,1024,kl,sdpa,float16,0,10.66,14.41,3.17,Tesla T4,15.00,16.00,completed,"last_successful_step=final_evaluation; quant_weights_path=outputs/experiments/quant_db_tinyllama_qproj_bits234/quant_db/TinyLlama-1.1B-Chat-v1.0/3bit; configuration_name=debug_reporting_quant_tiny_seed0_final_configuration.txt; target_bitwidth=3.0; actual_average_bitwidth=3.0000; final_search_point=[[3,3,3,3,3,3,3,3,3,3,3,3,3,3,3,3,3,3,3,3,3,3]]; max_cpu_memory_gb=4.68; max_gpu_memory_gb=2.40",outputs/experiments/debug_reporting_quant_tiny_seed0
2026-06-10,debug_reporting_joint_tiny_seed0,combined_depth_quant_search,TinyLlama/TinyLlama-1.1B-Chat-v1.0,depth0.125+quant3.0,2,2,wikitext2,512,1024,kl,sdpa,float16,0,14.87,19.09,2.92,Tesla T4,15.00,16.00,completed,last_successful_step=final_evaluation; quant_weights_path=outputs/experiments/quant_db_tinyllama_qproj_bits234/quant_db/TinyLlama-1.1B-Chat-v1.0/3bit; drop_sparsity=0.125; target_bitwidth=3.0; active_quant_budget=1; actual_average_bitwidth=3.0000e+00; dropped_attn_modules=2; dropped_mlp_modules=2; max_cpu_memory_gb=6.50; max_gpu_memory_gb=2.40,outputs/experiments/debug_reporting_joint_tiny_seed0
2026-06-10,debug_reporting_depth_mistral_seed0,depth_evo,mistralai/Mistral-7B-v0.3,0.125,2,2,wikitext2,512,1024,kl,sdpa,float16,0,11.88,1.34e+01,20.67,Tesla T4,15.00,16.00,completed,last_successful_step=final_evaluation; dropped_attn_modules=4; dropped_mlp_modules=4,outputs/experiments/debug_reporting_depth_mistral_seed0
2026-06-14,quant_db_mistral_qproj_debug_bits234,quant_db,mistralai/Mistral-7B-v0.3,2 3 4,,,wikitext2,128,512,,sdpa,float16,0,,,3.15,Tesla V100-SXM2-32GB,32.00,16.00,completed,last_successful_step=quant_database_generated; quantizable_modules=.*layers.*q_proj$; bitwidth_options=2 3 4; calibration_bitwidth=3; group_size=128; drop_saved_file_cache=1; generated_module_dirs=32; generated_weight_files=96; missing_expected_weight_files=0; database_size_mb=3073; max_cpu_memory_gb=16.00; max_gpu_memory_gb=14.95; quant_db_dir=outputs/experiments/quant_db_mistral_qproj_debug_bits234/quant_db/Mistral-7B-v0.3/3bit,outputs/experiments/quant_db_mistral_qproj_debug_bits234
2026-06-14,debug_reporting_joint_mistral_seed0,combined_depth_quant_search,mistralai/Mistral-7B-v0.3,depth0.125+quant3.0,2,2,wikitext2,512,1024,kl,sdpa,float16,0,,,0.15,Tesla V100-SXM2-32GB,32.00,16.00,failed,last_successful_step=joint_search_process_started; command_exit_code=1; parser_exit_code=1; quant_weights_path=outputs/experiments/quant_db_mistral_qproj_debug_bits234/quant_db/Mistral-7B-v0.3/3bit; max_cpu_memory_gb=2.05; max_gpu_memory_gb=0.00,outputs/experiments/debug_reporting_joint_mistral_seed0
2026-06-14,debug_reporting_joint_mistral_seed0_retry1,combined_depth_quant_search,mistralai/Mistral-7B-v0.3,depth0.125+quant3.0,2,2,wikitext2,512,1024,kl,sdpa,float16,0,11.72,12.57,4.50,Tesla V100-SXM2-32GB,32.00,16.00,completed,last_successful_step=final_evaluation; quant_weights_path=outputs/experiments/quant_db_mistral_qproj_debug_bits234/quant_db/Mistral-7B-v0.3/3bit; drop_sparsity=0.125; target_bitwidth=3.0; active_quant_budget=1; actual_average_bitwidth=3.0000e+00; dropped_attn_modules=4; dropped_mlp_modules=4; max_cpu_memory_gb=15.80; max_gpu_memory_gb=14.00,outputs/experiments/debug_reporting_joint_mistral_seed0_retry1
2026-06-14,debug_reporting_quant_mistral_seed0,quant_search,mistralai/Mistral-7B-v0.3,3.0,2,2,wikitext2,512,1024,kl,sdpa,float16,0,7.18,8.12,4.92,Tesla V100-SXM2-32GB,32.00,16.00,completed,"last_successful_step=final_evaluation; quant_weights_path=outputs/experiments/quant_db_mistral_qproj_debug_bits234/quant_db/Mistral-7B-v0.3/3bit; configuration_name=debug_reporting_quant_mistral_seed0_final_configuration.txt; target_bitwidth=3.0; actual_average_bitwidth=3.0000; final_search_point=[[2,3,3,3,3,3,3,3,3,3,3,3,3,4,3,3,3,3,3,3,3,3,3,3,3,3,3,3,3,3,3,3]]; max_cpu_memory_gb=16.00; max_gpu_memory_gb=14.08",outputs/experiments/debug_reporting_quant_mistral_seed0
2026-06-14,replay_joint_mistral_debug_seed0,replay_joint_mistral_eval,mistralai/Mistral-7B-v0.3,depth0.125+qproj_quant3.0,,,,512,,,sdpa,float16,0,11.72,,1.77,Tesla V100-SXM2-32GB,32.00,16.00,completed,last_successful_step=final_evaluation; drop_layer_config=outputs/experiments/debug_reporting_joint_mistral_seed0_retry1/joint_drop_config.txt; sparse_weights_path=none; sparse_config_path=none; sparse_default_level=0; quant_weights_path=outputs/experiments/quant_db_mistral_qproj_debug_bits234/quant_db/Mistral-7B-v0.3/3bit; quant_config_path=outputs/experiments/debug_reporting_joint_mistral_seed0_retry1/joint_quant_config.txt; quant_default_level=0; eval_tokens=4096,outputs/experiments/replay_joint_mistral_debug_seed0
2026-06-14,independent_depth_quant_mistral_debug_seed0,independent_depth_quant_eval,mistralai/Mistral-7B-v0.3,depth0.125+qproj_quant3.0,,,,512,,,sdpa,float16,0,11.97,,1.62,Tesla V100-SXM2-32GB,32.00,16.00,completed,last_successful_step=final_evaluation; drop_layer_config=outputs/experiments/debug_reporting_depth_mistral_seed0/layer_drop_config.txt; sparse_weights_path=none; sparse_config_path=none; sparse_default_level=0; quant_weights_path=outputs/experiments/quant_db_mistral_qproj_debug_bits234/quant_db/Mistral-7B-v0.3/3bit; quant_config_path=outputs/experiments/debug_reporting_quant_mistral_seed0/quant_configuration.txt; quant_default_level=0; eval_tokens=4096,outputs/experiments/independent_depth_quant_mistral_debug_seed0
2026-06-14,ablation_jointdrop_independentquant_mistral_seed0,jointdrop_independentquant_eval,mistralai/Mistral-7B-v0.3,jointdepth0.125+independentquant3.0,,,,512,,,sdpa,float16,0,11.53,,1.58,Tesla V100-SXM2-32GB,32.00,16.00,completed,last_successful_step=final_evaluation; drop_layer_config=outputs/experiments/debug_reporting_joint_mistral_seed0_retry1/joint_drop_config.txt; sparse_weights_path=none; sparse_config_path=none; sparse_default_level=0; quant_weights_path=outputs/experiments/quant_db_mistral_qproj_debug_bits234/quant_db/Mistral-7B-v0.3/3bit; quant_config_path=outputs/experiments/debug_reporting_quant_mistral_seed0/quant_configuration.txt; quant_default_level=0; eval_tokens=4096,outputs/experiments/ablation_jointdrop_independentquant_mistral_seed0
2026-06-14,ablation_independentdrop_jointquant_mistral_seed0,independentdrop_jointquant_eval,mistralai/Mistral-7B-v0.3,independentdepth0.125+jointquant3.0,,,,512,,,sdpa,float16,0,11.97,,1.60,Tesla V100-SXM2-32GB,32.00,16.00,completed,last_successful_step=final_evaluation; drop_layer_config=outputs/experiments/debug_reporting_depth_mistral_seed0/layer_drop_config.txt; sparse_weights_path=none; sparse_config_path=none; sparse_default_level=0; quant_weights_path=outputs/experiments/quant_db_mistral_qproj_debug_bits234/quant_db/Mistral-7B-v0.3/3bit; quant_config_path=outputs/experiments/debug_reporting_joint_mistral_seed0_retry1/joint_quant_config.txt; quant_default_level=0; eval_tokens=4096,outputs/experiments/ablation_independentdrop_jointquant_mistral_seed0
2026-06-14,thesis_medium_dense_mistral_seq1024_seed0,dense,mistralai/Mistral-7B-v0.3,,,,,1024,,,sdpa,float16,0,5.96,,1.67,Tesla V100-SXM2-32GB,32.00,16.00,completed,last_successful_step=final_evaluation,outputs/experiments/thesis_medium_dense_mistral_seq1024_seed0
2026-06-14,thesis_medium_depth_mistral_s0.25_g20_o16_seed0,depth_evo,mistralai/Mistral-7B-v0.3,0.25,20,16,wikitext2,1024,8192,kl,sdpa,float16,0,11.80,1.22e+01,9.53,Tesla V100-SXM2-32GB,32.00,16.00,completed,last_successful_step=final_evaluation; dropped_attn_modules=8; dropped_mlp_modules=8,outputs/experiments/thesis_medium_depth_mistral_s0.25_g20_o16_seed0
2026-06-14,thesis_medium_quant_mistral_qproj3.0_g20_o16_seed0,quant_search,mistralai/Mistral-7B-v0.3,3.0,20,16,wikitext2,1024,8192,kl,sdpa,float16,0,5.94,6.17,13.13,Tesla V100-SXM2-32GB,32.00,16.00,completed,"last_successful_step=final_evaluation; quant_weights_path=outputs/experiments/quant_db_mistral_qproj_debug_bits234/quant_db/Mistral-7B-v0.3/3bit; configuration_name=thesis_medium_quant_mistral_qproj3.0_g20_o16_seed0_final_configuration.txt; target_bitwidth=3.0; actual_average_bitwidth=3.0000; final_search_point=[[2,2,3,3,3,3,4,3,3,3,3,4,3,3,3,3,3,3,3,3,3,3,3,3,3,3,3,3,3,3,3,3]]; max_cpu_memory_gb=16.00; max_gpu_memory_gb=14.32",outputs/experiments/thesis_medium_quant_mistral_qproj3.0_g20_o16_seed0
2026-06-14,thesis_medium_joint_mistral_s0.25_qproj3.0_g20_o16_seed0,combined_depth_quant_search,mistralai/Mistral-7B-v0.3,depth0.25+quant3.0,20,16,wikitext2,1024,8192,kl,sdpa,float16,0,13.38,13.51,10.15,Tesla V100-SXM2-32GB,32.00,16.00,completed,last_successful_step=final_evaluation; quant_weights_path=outputs/experiments/quant_db_mistral_qproj_debug_bits234/quant_db/Mistral-7B-v0.3/3bit; drop_sparsity=0.25; target_bitwidth=3.0; active_quant_budget=1; actual_average_bitwidth=3.0000e+00; dropped_attn_modules=8; dropped_mlp_modules=8; max_cpu_memory_gb=16.00; max_gpu_memory_gb=14.32,outputs/experiments/thesis_medium_joint_mistral_s0.25_qproj3.0_g20_o16_seed0
2026-06-14,thesis_medium_depth_mistral_s0.25_g20_o16_seed1,depth_evo,mistralai/Mistral-7B-v0.3,0.25,20,16,wikitext2,1024,8192,kl,sdpa,float16,1,12.45,1.17e+01,9.58,Tesla V100-SXM2-32GB,32.00,16.00,completed,last_successful_step=final_evaluation; dropped_attn_modules=8; dropped_mlp_modules=8,outputs/experiments/thesis_medium_depth_mistral_s0.25_g20_o16_seed1
2026-06-14,thesis_medium_quant_mistral_qproj3.0_g20_o16_seed1,quant_search,mistralai/Mistral-7B-v0.3,3.0,20,16,wikitext2,1024,8192,kl,sdpa,float16,1,5.94,6.01,13.13,Tesla V100-SXM2-32GB,32.00,16.00,completed,"last_successful_step=final_evaluation; quant_weights_path=outputs/experiments/quant_db_mistral_qproj_debug_bits234/quant_db/Mistral-7B-v0.3/3bit; configuration_name=thesis_medium_quant_mistral_qproj3.0_g20_o16_seed1_final_configuration.txt; target_bitwidth=3.0; actual_average_bitwidth=3.0000; final_search_point=[[2,2,3,3,3,3,3,3,3,3,3,3,3,3,3,4,4,3,3,3,3,3,3,3,3,3,3,3,3,3,3,3]]; max_cpu_memory_gb=16.00; max_gpu_memory_gb=14.32",outputs/experiments/thesis_medium_quant_mistral_qproj3.0_g20_o16_seed1
2026-06-14,thesis_medium_joint_mistral_s0.25_qproj3.0_g20_o16_seed1,combined_depth_quant_search,mistralai/Mistral-7B-v0.3,depth0.25+quant3.0,20,16,wikitext2,1024,8192,kl,sdpa,float16,1,12.28,11.92,10.18,Tesla V100-SXM2-32GB,32.00,16.00,completed,last_successful_step=final_evaluation; quant_weights_path=outputs/experiments/quant_db_mistral_qproj_debug_bits234/quant_db/Mistral-7B-v0.3/3bit; drop_sparsity=0.25; target_bitwidth=3.0; active_quant_budget=1; actual_average_bitwidth=3.0000e+00; dropped_attn_modules=8; dropped_mlp_modules=8; max_cpu_memory_gb=16.00; max_gpu_memory_gb=14.32,outputs/experiments/thesis_medium_joint_mistral_s0.25_qproj3.0_g20_o16_seed1
2026-06-14,thesis_medium_depth_mistral_s0.25_g20_o16_seed2,depth_evo,mistralai/Mistral-7B-v0.3,0.25,20,16,wikitext2,1024,8192,kl,sdpa,float16,2,11.20,1.00e+01,9.62,Tesla V100-SXM2-32GB,32.00,16.00,completed,last_successful_step=final_evaluation; dropped_attn_modules=8; dropped_mlp_modules=8,outputs/experiments/thesis_medium_depth_mistral_s0.25_g20_o16_seed2
2026-06-14,thesis_medium_quant_mistral_qproj3.0_g20_o16_seed2,quant_search,mistralai/Mistral-7B-v0.3,3.0,20,16,wikitext2,1024,8192,kl,sdpa,float16,2,5.94,5.33,13.18,Tesla V100-SXM2-32GB,32.00,16.00,completed,"last_successful_step=final_evaluation; quant_weights_path=outputs/experiments/quant_db_mistral_qproj_debug_bits234/quant_db/Mistral-7B-v0.3/3bit; configuration_name=thesis_medium_quant_mistral_qproj3.0_g20_o16_seed2_final_configuration.txt; target_bitwidth=3.0; actual_average_bitwidth=3.0000; final_search_point=[[2,2,3,3,3,3,3,3,3,3,3,3,4,4,3,3,3,3,3,3,3,3,3,3,3,3,3,3,3,3,3,3]]; max_cpu_memory_gb=16.00; max_gpu_memory_gb=14.32",outputs/experiments/thesis_medium_quant_mistral_qproj3.0_g20_o16_seed2
2026-06-14,thesis_medium_joint_mistral_s0.25_qproj3.0_g20_o16_seed2,combined_depth_quant_search,mistralai/Mistral-7B-v0.3,depth0.25+quant3.0,20,16,wikitext2,1024,8192,kl,sdpa,float16,2,12.16,11.12,10.12,Tesla V100-SXM2-32GB,32.00,16.00,completed,last_successful_step=final_evaluation; quant_weights_path=outputs/experiments/quant_db_mistral_qproj_debug_bits234/quant_db/Mistral-7B-v0.3/3bit; drop_sparsity=0.25; target_bitwidth=3.0; active_quant_budget=1; actual_average_bitwidth=3.0000e+00; dropped_attn_modules=8; dropped_mlp_modules=8; max_cpu_memory_gb=16.00; max_gpu_memory_gb=14.32,outputs/experiments/thesis_medium_joint_mistral_s0.25_qproj3.0_g20_o16_seed2
2026-06-14,thesis_medium_independent_depth_quant_mistral_s0.25_qproj3.0_seed0,independent_depth_quant_eval,mistralai/Mistral-7B-v0.3,depth0.25+qproj3.0_independent,,,,1024,,,sdpa,float16,0,11.97,,1.55,Tesla V100-SXM2-32GB,32.00,16.00,completed,last_successful_step=final_evaluation; drop_layer_config=results/runs/thesis_medium_depth_mistral_s0.25_g20_o16_seed0/layer_drop_config.txt; sparse_weights_path=none; sparse_config_path=none; sparse_default_level=0; quant_weights_path=outputs/experiments/quant_db_mistral_qproj_debug_bits234/quant_db/Mistral-7B-v0.3/3bit; quant_config_path=results/runs/thesis_medium_quant_mistral_qproj3.0_g20_o16_seed0/quant_configuration.txt; quant_default_level=3; eval_tokens=524288,outputs/experiments/thesis_medium_independent_depth_quant_mistral_s0.25_qproj3.0_seed0
2026-06-14,thesis_medium_independent_depth_quant_mistral_s0.25_qproj3.0_seed1,independent_depth_quant_eval,mistralai/Mistral-7B-v0.3,depth0.25+qproj3.0_independent,,,,1024,,,sdpa,float16,1,12.52,,1.40,Tesla V100-SXM2-32GB,32.00,16.00,completed,last_successful_step=final_evaluation; drop_layer_config=results/runs/thesis_medium_depth_mistral_s0.25_g20_o16_seed1/layer_drop_config.txt; sparse_weights_path=none; sparse_config_path=none; sparse_default_level=0; quant_weights_path=outputs/experiments/quant_db_mistral_qproj_debug_bits234/quant_db/Mistral-7B-v0.3/3bit; quant_config_path=results/runs/thesis_medium_quant_mistral_qproj3.0_g20_o16_seed1/quant_configuration.txt; quant_default_level=3; eval_tokens=524288,outputs/experiments/thesis_medium_independent_depth_quant_mistral_s0.25_qproj3.0_seed1
2026-06-14,thesis_medium_independent_depth_quant_mistral_s0.25_qproj3.0_seed2,independent_depth_quant_eval,mistralai/Mistral-7B-v0.3,depth0.25+qproj3.0_independent,,,,1024,,,sdpa,float16,2,11.35,,1.40,Tesla V100-SXM2-32GB,32.00,16.00,completed,last_successful_step=final_evaluation; drop_layer_config=results/runs/thesis_medium_depth_mistral_s0.25_g20_o16_seed2/layer_drop_config.txt; sparse_weights_path=none; sparse_config_path=none; sparse_default_level=0; quant_weights_path=outputs/experiments/quant_db_mistral_qproj_debug_bits234/quant_db/Mistral-7B-v0.3/3bit; quant_config_path=results/runs/thesis_medium_quant_mistral_qproj3.0_g20_o16_seed2/quant_configuration.txt; quant_default_level=3; eval_tokens=524288,outputs/experiments/thesis_medium_independent_depth_quant_mistral_s0.25_qproj3.0_seed2
2026-06-14,thesis_medium_depth_uniform_quant_mistral_s0.25_qproj3.0_seed0,depth_uniform_quant_eval,mistralai/Mistral-7B-v0.3,depth0.25+qproj3.0_uniform,,,,1024,,,sdpa,float16,0,11.99,,1.42,Tesla V100-SXM2-32GB,32.00,16.00,completed,last_successful_step=final_evaluation; drop_layer_config=results/runs/thesis_medium_depth_mistral_s0.25_g20_o16_seed0/layer_drop_config.txt; sparse_weights_path=none; sparse_config_path=none; sparse_default_level=0; quant_weights_path=outputs/experiments/quant_db_mistral_qproj_debug_bits234/quant_db/Mistral-7B-v0.3/3bit; quant_config_path=none; quant_default_level=3; eval_tokens=524288,outputs/experiments/thesis_medium_depth_uniform_quant_mistral_s0.25_qproj3.0_seed0
2026-06-14,thesis_medium_depth_uniform_quant_mistral_s0.25_qproj3.0_seed1,depth_uniform_quant_eval,mistralai/Mistral-7B-v0.3,depth0.25+qproj3.0_uniform,,,,1024,,,sdpa,float16,1,12.52,,1.40,Tesla V100-SXM2-32GB,32.00,16.00,completed,last_successful_step=final_evaluation; drop_layer_config=results/runs/thesis_medium_depth_mistral_s0.25_g20_o16_seed1/layer_drop_config.txt; sparse_weights_path=none; sparse_config_path=none; sparse_default_level=0; quant_weights_path=outputs/experiments/quant_db_mistral_qproj_debug_bits234/quant_db/Mistral-7B-v0.3/3bit; quant_config_path=none; quant_default_level=3; eval_tokens=524288,outputs/experiments/thesis_medium_depth_uniform_quant_mistral_s0.25_qproj3.0_seed1
2026-06-14,thesis_medium_depth_uniform_quant_mistral_s0.25_qproj3.0_seed2,depth_uniform_quant_eval,mistralai/Mistral-7B-v0.3,depth0.25+qproj3.0_uniform,,,,1024,,,sdpa,float16,2,11.35,,1.40,Tesla V100-SXM2-32GB,32.00,16.00,completed,last_successful_step=final_evaluation; drop_layer_config=results/runs/thesis_medium_depth_mistral_s0.25_g20_o16_seed2/layer_drop_config.txt; sparse_weights_path=none; sparse_config_path=none; sparse_default_level=0; quant_weights_path=outputs/experiments/quant_db_mistral_qproj_debug_bits234/quant_db/Mistral-7B-v0.3/3bit; quant_config_path=none; quant_default_level=3; eval_tokens=524288,outputs/experiments/thesis_medium_depth_uniform_quant_mistral_s0.25_qproj3.0_seed2
2026-06-14,thesis_compute_matched_joint_mistral_s0.25_qproj3.0_g50_o16_seed0,combined_depth_quant_search,mistralai/Mistral-7B-v0.3,depth0.25+quant3.0,50,16,wikitext2,1024,8192,kl,sdpa,float16,0,11.47,11.78,22.47,Tesla V100-SXM2-32GB,32.00,16.00,completed,last_successful_step=final_evaluation; quant_weights_path=outputs/experiments/quant_db_mistral_qproj_debug_bits234/quant_db/Mistral-7B-v0.3/3bit; drop_sparsity=0.25; target_bitwidth=3.0; active_quant_budget=1; actual_average_bitwidth=3.0000e+00; dropped_attn_modules=8; dropped_mlp_modules=8; max_cpu_memory_gb=16.00; max_gpu_memory_gb=14.39,outputs/experiments/thesis_compute_matched_joint_mistral_s0.25_qproj3.0_g50_o16_seed0
2026-06-14,thesis_compute_matched_joint_mistral_s0.25_qproj3.0_g50_o16_seed1,combined_depth_quant_search,mistralai/Mistral-7B-v0.3,depth0.25+quant3.0,50,16,wikitext2,1024,8192,kl,sdpa,float16,1,10.92,10.40,22.68,Tesla V100-SXM2-32GB,32.00,16.00,completed,last_successful_step=final_evaluation; quant_weights_path=outputs/experiments/quant_db_mistral_qproj_debug_bits234/quant_db/Mistral-7B-v0.3/3bit; drop_sparsity=0.25; target_bitwidth=3.0; active_quant_budget=1; actual_average_bitwidth=3.0000e+00; dropped_attn_modules=8; dropped_mlp_modules=8; max_cpu_memory_gb=16.00; max_gpu_memory_gb=14.32,outputs/experiments/thesis_compute_matched_joint_mistral_s0.25_qproj3.0_g50_o16_seed1
2026-06-14,thesis_compute_matched_joint_mistral_s0.25_qproj3.0_g50_o16_seed2,combined_depth_quant_search,mistralai/Mistral-7B-v0.3,depth0.25+quant3.0,50,16,wikitext2,1024,8192,kl,sdpa,float16,2,11.34,10.10,22.60,Tesla V100-SXM2-32GB,32.00,16.00,completed,last_successful_step=final_evaluation; quant_weights_path=outputs/experiments/quant_db_mistral_qproj_debug_bits234/quant_db/Mistral-7B-v0.3/3bit; drop_sparsity=0.25; target_bitwidth=3.0; active_quant_budget=1; actual_average_bitwidth=3.0000e+00; dropped_attn_modules=8; dropped_mlp_modules=8; max_cpu_memory_gb=16.00; max_gpu_memory_gb=14.32,outputs/experiments/thesis_compute_matched_joint_mistral_s0.25_qproj3.0_g50_o16_seed2
2026-06-14,debug_jointaware_joint_mistral_s0.25_qproj3.0_g2_o8_seed0,combined_depth_quant_search,mistralai/Mistral-7B-v0.3,depth0.25+quant3.0,2,8,wikitext2,1024,8192,kl,sdpa,float16,0,18.80,18.11,4.37,Tesla V100-SXM2-32GB,32.00,16.00,completed,last_successful_step=final_evaluation; quant_weights_path=outputs/experiments/quant_db_mistral_qproj_debug_bits234/quant_db/Mistral-7B-v0.3/3bit; drop_sparsity=0.25; target_bitwidth=3.0; active_quant_budget=1; joint_aware_mutation=1; joint_aware_probability=1.0; actual_average_bitwidth=3.0000e+00; dropped_attn_modules=8; dropped_mlp_modules=8; max_cpu_memory_gb=16.00; max_gpu_memory_gb=14.32,outputs/experiments/debug_jointaware_joint_mistral_s0.25_qproj3.0_g2_o8_seed0
2026-06-14,thesis_jointaware_joint_mistral_s0.25_qproj3.0_g50_o16_seed0,combined_depth_quant_search,mistralai/Mistral-7B-v0.3,depth0.25+quant3.0,50,16,wikitext2,1024,8192,kl,sdpa,float16,0,11.16,11.55,23.37,Tesla V100-SXM2-32GB,32.00,16.00,completed,last_successful_step=final_evaluation; quant_weights_path=outputs/experiments/quant_db_mistral_qproj_debug_bits234/quant_db/Mistral-7B-v0.3/3bit; drop_sparsity=0.25; target_bitwidth=3.0; active_quant_budget=1; joint_aware_mutation=1; joint_aware_probability=0.5; actual_average_bitwidth=3.0000e+00; dropped_attn_modules=8; dropped_mlp_modules=8; max_cpu_memory_gb=16.00; max_gpu_memory_gb=14.39,outputs/experiments/thesis_jointaware_joint_mistral_s0.25_qproj3.0_g50_o16_seed0
2026-06-14,thesis_jointaware_joint_mistral_s0.25_qproj3.0_g50_o16_seed1,combined_depth_quant_search,mistralai/Mistral-7B-v0.3,depth0.25+quant3.0,50,16,wikitext2,1024,8192,kl,sdpa,float16,1,11.23,10.90,23.47,Tesla V100-SXM2-32GB,32.00,16.00,completed,last_successful_step=final_evaluation; quant_weights_path=outputs/experiments/quant_db_mistral_qproj_debug_bits234/quant_db/Mistral-7B-v0.3/3bit; drop_sparsity=0.25; target_bitwidth=3.0; active_quant_budget=1; joint_aware_mutation=1; joint_aware_probability=0.5; actual_average_bitwidth=3.0000e+00; dropped_attn_modules=8; dropped_mlp_modules=8; max_cpu_memory_gb=16.00; max_gpu_memory_gb=14.42,outputs/experiments/thesis_jointaware_joint_mistral_s0.25_qproj3.0_g50_o16_seed1
2026-06-14,thesis_jointaware_joint_mistral_s0.25_qproj3.0_g50_o16_seed2,combined_depth_quant_search,mistralai/Mistral-7B-v0.3,depth0.25+quant3.0,50,16,wikitext2,1024,8192,kl,sdpa,float16,2,12.26,11.07,32.47,Tesla V100-SXM2-32GB,32.00,16.00,completed,last_successful_step=final_evaluation; quant_weights_path=outputs/experiments/quant_db_mistral_qproj_debug_bits234/quant_db/Mistral-7B-v0.3/3bit; drop_sparsity=0.25; target_bitwidth=3.0; active_quant_budget=1; joint_aware_mutation=1; joint_aware_probability=0.5; actual_average_bitwidth=3.0000e+00; dropped_attn_modules=8; dropped_mlp_modules=8; max_cpu_memory_gb=16.00; max_gpu_memory_gb=28.63,outputs/experiments/thesis_jointaware_joint_mistral_s0.25_qproj3.0_g50_o16_seed2
2026-06-15,thesis_jointaware_joint_mistral_s0.25_qproj3.0_g50_o16_seed2_retry1,combined_depth_quant_search,mistralai/Mistral-7B-v0.3,depth0.25+quant3.0,50,16,wikitext2,1024,8192,kl,sdpa,float16,2,12.26,11.07,32.32,Tesla V100-SXM2-32GB,32.00,16.00,completed,last_successful_step=final_evaluation; quant_weights_path=outputs/experiments/quant_db_mistral_qproj_debug_bits234/quant_db/Mistral-7B-v0.3/3bit; drop_sparsity=0.25; target_bitwidth=3.0; active_quant_budget=1; joint_aware_mutation=1; joint_aware_probability=0.5; actual_average_bitwidth=3.0000e+00; dropped_attn_modules=8; dropped_mlp_modules=8; max_cpu_memory_gb=16.00; max_gpu_memory_gb=28.63,outputs/experiments/thesis_jointaware_joint_mistral_s0.25_qproj3.0_g50_o16_seed2_retry1
2026-06-15,debug_jointaware_provenance_tiny_p025_seed0,combined_depth_quant_search,TinyLlama/TinyLlama-1.1B-Chat-v1.0,depth0.125+quant3.0,2,8,wikitext2,512,4096,kl,sdpa,float16,0,14.58,17.66,1.48,NVIDIA A40,44.99,16.00,completed,last_successful_step=final_evaluation; quant_weights_path=outputs/experiments/quant_db_tinyllama_qproj_bits234/quant_db/TinyLlama-1.1B-Chat-v1.0/3bit; drop_sparsity=0.125; target_bitwidth=3.0; active_quant_budget=1; joint_aware_mutation=1; joint_aware_probability=0.25; actual_average_bitwidth=3.0000e+00; dropped_attn_modules=2; dropped_mlp_modules=2; max_cpu_memory_gb=5.54; max_gpu_memory_gb=2.57,outputs/experiments/debug_jointaware_provenance_tiny_p025_seed0
2026-06-15,screen_jointaware_tiny_p0_g20_o8_seed0,combined_depth_quant_search,TinyLlama/TinyLlama-1.1B-Chat-v1.0,depth0.125+quant3.0,20,8,wikitext2,1024,4096,kl,sdpa,float16,0,11.29,12.47,3.63,NVIDIA A40,44.99,16.00,completed,last_successful_step=final_evaluation; quant_weights_path=outputs/experiments/quant_db_tinyllama_qproj_bits234/quant_db/TinyLlama-1.1B-Chat-v1.0/3bit; drop_sparsity=0.125; target_bitwidth=3.0; active_quant_budget=1; joint_aware_mutation=0; joint_aware_probability=0; actual_average_bitwidth=3.0000e+00; dropped_attn_modules=2; dropped_mlp_modules=2; max_cpu_memory_gb=5.94; max_gpu_memory_gb=2.70,outputs/experiments/screen_jointaware_tiny_p0_g20_o8_seed0
2026-06-15,screen_jointaware_tiny_p025_g20_o8_seed0,combined_depth_quant_search,TinyLlama/TinyLlama-1.1B-Chat-v1.0,depth0.125+quant3.0,20,8,wikitext2,1024,4096,kl,sdpa,float16,0,12.02,12.95,3.60,NVIDIA A40,44.99,16.00,completed,last_successful_step=final_evaluation; quant_weights_path=outputs/experiments/quant_db_tinyllama_qproj_bits234/quant_db/TinyLlama-1.1B-Chat-v1.0/3bit; drop_sparsity=0.125; target_bitwidth=3.0; active_quant_budget=1; joint_aware_mutation=1; joint_aware_probability=0.25; actual_average_bitwidth=3.0000e+00; dropped_attn_modules=2; dropped_mlp_modules=2; max_cpu_memory_gb=5.06; max_gpu_memory_gb=2.70,outputs/experiments/screen_jointaware_tiny_p025_g20_o8_seed0
2026-06-15,screen_jointaware_tiny_p0_g20_o8_seed1,combined_depth_quant_search,TinyLlama/TinyLlama-1.1B-Chat-v1.0,depth0.125+quant3.0,20,8,wikitext2,1024,4096,kl,sdpa,float16,1,10.96,11.62,3.47,NVIDIA A40,44.99,16.00,completed,last_successful_step=final_evaluation; quant_weights_path=outputs/experiments/quant_db_tinyllama_qproj_bits234/quant_db/TinyLlama-1.1B-Chat-v1.0/3bit; drop_sparsity=0.125; target_bitwidth=3.0; active_quant_budget=1; joint_aware_mutation=0; joint_aware_probability=0; actual_average_bitwidth=3.0000e+00; dropped_attn_modules=2; dropped_mlp_modules=2; max_cpu_memory_gb=5.11; max_gpu_memory_gb=2.74,outputs/experiments/screen_jointaware_tiny_p0_g20_o8_seed1
2026-06-15,screen_jointaware_tiny_p025_g20_o8_seed1,combined_depth_quant_search,TinyLlama/TinyLlama-1.1B-Chat-v1.0,depth0.125+quant3.0,20,8,wikitext2,1024,4096,kl,sdpa,float16,1,10.88,11.60,3.47,NVIDIA A40,44.99,16.00,completed,last_successful_step=final_evaluation; quant_weights_path=outputs/experiments/quant_db_tinyllama_qproj_bits234/quant_db/TinyLlama-1.1B-Chat-v1.0/3bit; drop_sparsity=0.125; target_bitwidth=3.0; active_quant_budget=1; joint_aware_mutation=1; joint_aware_probability=0.25; actual_average_bitwidth=3.0000e+00; dropped_attn_modules=2; dropped_mlp_modules=2; max_cpu_memory_gb=5.09; max_gpu_memory_gb=2.70,outputs/experiments/screen_jointaware_tiny_p025_g20_o8_seed1
2026-06-15,screen_jointaware_tiny_p0_g20_o8_seed2,combined_depth_quant_search,TinyLlama/TinyLlama-1.1B-Chat-v1.0,depth0.125+quant3.0,20,8,wikitext2,1024,4096,kl,sdpa,float16,2,11.49,13.05,3.52,NVIDIA A40,44.99,16.00,completed,last_successful_step=final_evaluation; quant_weights_path=outputs/experiments/quant_db_tinyllama_qproj_bits234/quant_db/TinyLlama-1.1B-Chat-v1.0/3bit; drop_sparsity=0.125; target_bitwidth=3.0; active_quant_budget=1; joint_aware_mutation=0; joint_aware_probability=0; actual_average_bitwidth=3.0000e+00; dropped_attn_modules=2; dropped_mlp_modules=2; max_cpu_memory_gb=5.12; max_gpu_memory_gb=2.74,outputs/experiments/screen_jointaware_tiny_p0_g20_o8_seed2
2026-06-15,screen_jointaware_tiny_p025_g20_o8_seed2,combined_depth_quant_search,TinyLlama/TinyLlama-1.1B-Chat-v1.0,depth0.125+quant3.0,20,8,wikitext2,1024,4096,kl,sdpa,float16,2,11.03,12.66,3.48,NVIDIA A40,44.99,16.00,completed,last_successful_step=final_evaluation; quant_weights_path=outputs/experiments/quant_db_tinyllama_qproj_bits234/quant_db/TinyLlama-1.1B-Chat-v1.0/3bit; drop_sparsity=0.125; target_bitwidth=3.0; active_quant_budget=1; joint_aware_mutation=1; joint_aware_probability=0.25; actual_average_bitwidth=3.0000e+00; dropped_attn_modules=2; dropped_mlp_modules=2; max_cpu_memory_gb=5.13; max_gpu_memory_gb=2.74,outputs/experiments/screen_jointaware_tiny_p025_g20_o8_seed2
2026-06-15,debug_adaptive_mutation_tiny_pat1_seed0,combined_depth_quant_search,TinyLlama/TinyLlama-1.1B-Chat-v1.0,depth0.125+quant3.0,5,8,wikitext2,512,4096,kl,sdpa,float16,0,15.05,17.14,2.38,NVIDIA A40,44.99,16.00,completed,last_successful_step=final_evaluation; quant_weights_path=outputs/experiments/quant_db_tinyllama_qproj_bits234/quant_db/TinyLlama-1.1B-Chat-v1.0/3bit; drop_sparsity=0.125; target_bitwidth=3.0; active_quant_budget=1; joint_aware_mutation=0; joint_aware_probability=0.5; adaptive_mutation=1; adaptive_mutation_patience=1; adaptive_mutation_max_strength=3; actual_average_bitwidth=3.0000e+00; dropped_attn_modules=2; dropped_mlp_modules=2; max_cpu_memory_gb=5.50; max_gpu_memory_gb=2.57,outputs/experiments/debug_adaptive_mutation_tiny_pat1_seed0
2026-06-15,screen_adaptive_tiny_pat3_max3_g20_o8_seed0,combined_depth_quant_search,TinyLlama/TinyLlama-1.1B-Chat-v1.0,depth0.125+quant3.0,20,8,wikitext2,1024,4096,kl,sdpa,float16,0,10.92,11.92,3.48,NVIDIA A40,44.99,16.00,completed,last_successful_step=final_evaluation; quant_weights_path=outputs/experiments/quant_db_tinyllama_qproj_bits234/quant_db/TinyLlama-1.1B-Chat-v1.0/3bit; drop_sparsity=0.125; target_bitwidth=3.0; active_quant_budget=1; joint_aware_mutation=0; joint_aware_probability=0; adaptive_mutation=1; adaptive_mutation_patience=3; adaptive_mutation_max_strength=3; actual_average_bitwidth=3.0000e+00; dropped_attn_modules=2; dropped_mlp_modules=2; max_cpu_memory_gb=5.71; max_gpu_memory_gb=2.70,outputs/experiments/screen_adaptive_tiny_pat3_max3_g20_o8_seed0
2026-06-15,screen_adaptive_tiny_pat3_max3_g20_o8_seed1,combined_depth_quant_search,TinyLlama/TinyLlama-1.1B-Chat-v1.0,depth0.125+quant3.0,20,8,wikitext2,1024,4096,kl,sdpa,float16,1,11.03,11.88,3.47,NVIDIA A40,44.99,16.00,completed,last_successful_step=final_evaluation; quant_weights_path=outputs/experiments/quant_db_tinyllama_qproj_bits234/quant_db/TinyLlama-1.1B-Chat-v1.0/3bit; drop_sparsity=0.125; target_bitwidth=3.0; active_quant_budget=1; joint_aware_mutation=0; joint_aware_probability=0; adaptive_mutation=1; adaptive_mutation_patience=3; adaptive_mutation_max_strength=3; actual_average_bitwidth=3.0000e+00; dropped_attn_modules=2; dropped_mlp_modules=2; max_cpu_memory_gb=5.69; max_gpu_memory_gb=2.70,outputs/experiments/screen_adaptive_tiny_pat3_max3_g20_o8_seed1
2026-06-15,screen_adaptive_tiny_pat3_max3_g20_o8_seed2,combined_depth_quant_search,TinyLlama/TinyLlama-1.1B-Chat-v1.0,depth0.125+quant3.0,20,8,wikitext2,1024,4096,kl,sdpa,float16,2,11.01,12.66,3.48,NVIDIA A40,44.99,16.00,completed,last_successful_step=final_evaluation; quant_weights_path=outputs/experiments/quant_db_tinyllama_qproj_bits234/quant_db/TinyLlama-1.1B-Chat-v1.0/3bit; drop_sparsity=0.125; target_bitwidth=3.0; active_quant_budget=1; joint_aware_mutation=0; joint_aware_probability=0; adaptive_mutation=1; adaptive_mutation_patience=3; adaptive_mutation_max_strength=3; actual_average_bitwidth=3.0000e+00; dropped_attn_modules=2; dropped_mlp_modules=2; max_cpu_memory_gb=5.74; max_gpu_memory_gb=2.70,outputs/experiments/screen_adaptive_tiny_pat3_max3_g20_o8_seed2
2026-06-15,screen_fixedstrength_tiny_max1_g20_o8_seed0,combined_depth_quant_search,TinyLlama/TinyLlama-1.1B-Chat-v1.0,depth0.125+quant3.0,20,8,wikitext2,1024,4096,kl,sdpa,float16,0,10.92,11.92,3.53,NVIDIA A40,44.99,16.00,completed,last_successful_step=final_evaluation; quant_weights_path=outputs/experiments/quant_db_tinyllama_qproj_bits234/quant_db/TinyLlama-1.1B-Chat-v1.0/3bit; drop_sparsity=0.125; target_bitwidth=3.0; active_quant_budget=1; joint_aware_mutation=0; joint_aware_probability=0; adaptive_mutation=0; adaptive_mutation_patience=3; adaptive_mutation_max_strength=3; actual_average_bitwidth=3.0000e+00; dropped_attn_modules=2; dropped_mlp_modules=2; max_cpu_memory_gb=5.57; max_gpu_memory_gb=2.81,outputs/experiments/screen_fixedstrength_tiny_max1_g20_o8_seed0
2026-06-15,screen_fixedstrength_tiny_max1_g20_o8_seed1,combined_depth_quant_search,TinyLlama/TinyLlama-1.1B-Chat-v1.0,depth0.125+quant3.0,20,8,wikitext2,1024,4096,kl,sdpa,float16,1,11.03,11.88,3.48,NVIDIA A40,44.99,16.00,completed,last_successful_step=final_evaluation; quant_weights_path=outputs/experiments/quant_db_tinyllama_qproj_bits234/quant_db/TinyLlama-1.1B-Chat-v1.0/3bit; drop_sparsity=0.125; target_bitwidth=3.0; active_quant_budget=1; joint_aware_mutation=0; joint_aware_probability=0; adaptive_mutation=0; adaptive_mutation_patience=3; adaptive_mutation_max_strength=3; actual_average_bitwidth=3.0000e+00; dropped_attn_modules=2; dropped_mlp_modules=2; max_cpu_memory_gb=5.70; max_gpu_memory_gb=2.70,outputs/experiments/screen_fixedstrength_tiny_max1_g20_o8_seed1
2026-06-15,screen_fixedstrength_tiny_max1_g20_o8_seed2,combined_depth_quant_search,TinyLlama/TinyLlama-1.1B-Chat-v1.0,depth0.125+quant3.0,20,8,wikitext2,1024,4096,kl,sdpa,float16,2,10.96,12.66,3.53,NVIDIA A40,44.99,16.00,completed,last_successful_step=final_evaluation; quant_weights_path=outputs/experiments/quant_db_tinyllama_qproj_bits234/quant_db/TinyLlama-1.1B-Chat-v1.0/3bit; drop_sparsity=0.125; target_bitwidth=3.0; active_quant_budget=1; joint_aware_mutation=0; joint_aware_probability=0; adaptive_mutation=0; adaptive_mutation_patience=3; adaptive_mutation_max_strength=3; actual_average_bitwidth=3.0000e+00; dropped_attn_modules=2; dropped_mlp_modules=2; max_cpu_memory_gb=5.69; max_gpu_memory_gb=2.70,outputs/experiments/screen_fixedstrength_tiny_max1_g20_o8_seed2
2026-06-15,thesis_fixedstrength_joint_mistral_s0.25_qproj3.0_g50_o16_seed0,combined_depth_quant_search,mistralai/Mistral-7B-v0.3,depth0.25+quant3.0,50,16,wikitext2,1024,8192,kl,sdpa,float16,0,11.51,11.99,20.88,NVIDIA A40,44.99,16.00,completed,last_successful_step=final_evaluation; quant_weights_path=outputs/experiments/quant_db_mistral_qproj_debug_bits234/quant_db/Mistral-7B-v0.3/3bit; drop_sparsity=0.25; target_bitwidth=3.0; active_quant_budget=1; joint_aware_mutation=0; joint_aware_probability=0; adaptive_mutation=0; adaptive_mutation_patience=3; adaptive_mutation_max_strength=3; actual_average_bitwidth=3.0000e+00; dropped_attn_modules=8; dropped_mlp_modules=8; max_cpu_memory_gb=16.00; max_gpu_memory_gb=14.34,outputs/experiments/thesis_fixedstrength_joint_mistral_s0.25_qproj3.0_g50_o16_seed0
2026-06-15,thesis_fixedstrength_joint_mistral_s0.25_qproj3.0_g50_o16_seed1,combined_depth_quant_search,mistralai/Mistral-7B-v0.3,depth0.25+quant3.0,50,16,wikitext2,1024,8192,kl,sdpa,float16,1,11.01,10.50,20.40,NVIDIA A40,44.99,16.00,completed,last_successful_step=final_evaluation; quant_weights_path=outputs/experiments/quant_db_mistral_qproj_debug_bits234/quant_db/Mistral-7B-v0.3/3bit; drop_sparsity=0.25; target_bitwidth=3.0; active_quant_budget=1; joint_aware_mutation=0; joint_aware_probability=0; adaptive_mutation=0; adaptive_mutation_patience=3; adaptive_mutation_max_strength=3; actual_average_bitwidth=3.0000e+00; dropped_attn_modules=8; dropped_mlp_modules=8; max_cpu_memory_gb=16.00; max_gpu_memory_gb=14.31,outputs/experiments/thesis_fixedstrength_joint_mistral_s0.25_qproj3.0_g50_o16_seed1
2026-06-15,thesis_fixedstrength_joint_mistral_s0.25_qproj3.0_g50_o16_seed2,combined_depth_quant_search,mistralai/Mistral-7B-v0.3,depth0.25+quant3.0,50,16,wikitext2,1024,8192,kl,sdpa,float16,2,11.12,9.92,21.33,NVIDIA A40,44.99,16.00,completed,last_successful_step=final_evaluation; quant_weights_path=outputs/experiments/quant_db_mistral_qproj_debug_bits234/quant_db/Mistral-7B-v0.3/3bit; drop_sparsity=0.25; target_bitwidth=3.0; active_quant_budget=1; joint_aware_mutation=0; joint_aware_probability=0; adaptive_mutation=0; adaptive_mutation_patience=3; adaptive_mutation_max_strength=3; actual_average_bitwidth=3.0000e+00; dropped_attn_modules=8; dropped_mlp_modules=8; max_cpu_memory_gb=16.00; max_gpu_memory_gb=14.28,outputs/experiments/thesis_fixedstrength_joint_mistral_s0.25_qproj3.0_g50_o16_seed2
2026-06-15,screen_coarsetofine_tiny_s3_e1_g20_o8_seed0,combined_depth_quant_search,TinyLlama/TinyLlama-1.1B-Chat-v1.0,depth0.125+quant3.0,20,8,wikitext2,1024,4096,kl,sdpa,float16,0,10.96,12.09,3.68,NVIDIA A40,44.99,16.00,completed,last_successful_step=final_evaluation; quant_weights_path=outputs/experiments/quant_db_tinyllama_qproj_bits234/quant_db/TinyLlama-1.1B-Chat-v1.0/3bit; drop_sparsity=0.125; target_bitwidth=3.0; active_quant_budget=1; joint_aware_mutation=0; joint_aware_probability=0; adaptive_mutation=0; adaptive_mutation_patience=3; adaptive_mutation_max_strength=3; coarse_to_fine_mutation=1; coarse_to_fine_start_strength=3; coarse_to_fine_end_strength=1; actual_average_bitwidth=3.0000e+00; dropped_attn_modules=2; dropped_mlp_modules=2; max_cpu_memory_gb=5.21; max_gpu_memory_gb=2.70,outputs/experiments/screen_coarsetofine_tiny_s3_e1_g20_o8_seed0
2026-06-15,screen_coarsetofine_tiny_s3_e1_g20_o8_seed1,combined_depth_quant_search,TinyLlama/TinyLlama-1.1B-Chat-v1.0,depth0.125+quant3.0,20,8,wikitext2,1024,4096,kl,sdpa,float16,1,11.40,12.38,3.73,NVIDIA A40,44.99,16.00,completed,last_successful_step=final_evaluation; quant_weights_path=outputs/experiments/quant_db_tinyllama_qproj_bits234/quant_db/TinyLlama-1.1B-Chat-v1.0/3bit; drop_sparsity=0.125; target_bitwidth=3.0; active_quant_budget=1; joint_aware_mutation=0; joint_aware_probability=0; adaptive_mutation=0; adaptive_mutation_patience=3; adaptive_mutation_max_strength=3; coarse_to_fine_mutation=1; coarse_to_fine_start_strength=3; coarse_to_fine_end_strength=1; actual_average_bitwidth=3.0000e+00; dropped_attn_modules=2; dropped_mlp_modules=2; max_cpu_memory_gb=4.21; max_gpu_memory_gb=2.81,outputs/experiments/screen_coarsetofine_tiny_s3_e1_g20_o8_seed1
2026-06-15,screen_coarsetofine_tiny_s3_e1_g20_o8_seed2,combined_depth_quant_search,TinyLlama/TinyLlama-1.1B-Chat-v1.0,depth0.125+quant3.0,20,8,wikitext2,1024,4096,kl,sdpa,float16,2,11.29,13.05,3.63,NVIDIA A40,44.99,16.00,completed,last_successful_step=final_evaluation; quant_weights_path=outputs/experiments/quant_db_tinyllama_qproj_bits234/quant_db/TinyLlama-1.1B-Chat-v1.0/3bit; drop_sparsity=0.125; target_bitwidth=3.0; active_quant_budget=1; joint_aware_mutation=0; joint_aware_probability=0; adaptive_mutation=0; adaptive_mutation_patience=3; adaptive_mutation_max_strength=3; coarse_to_fine_mutation=1; coarse_to_fine_start_strength=3; coarse_to_fine_end_strength=1; actual_average_bitwidth=3.0000e+00; dropped_attn_modules=2; dropped_mlp_modules=2; max_cpu_memory_gb=4.05; max_gpu_memory_gb=2.81,outputs/experiments/screen_coarsetofine_tiny_s3_e1_g20_o8_seed2
2026-06-23,generalization_dense_mistral_multidataset_seq1024_seed0,generalization_dense_eval,mistralai/Mistral-7B-v0.3,dense,,,,1024,,,sdpa,float16,0,5.96,,9.33,Tesla V100-SXM2-32GB,32.00,16.00,completed,last_successful_step=final_evaluation; drop_layer_config=none; sparse_weights_path=none; sparse_config_path=none; sparse_default_level=0; quant_weights_path=none; quant_config_path=none; quant_default_level=0; eval_tokens=131072,outputs/experiments/generalization_dense_mistral_multidataset_seq1024_seed0
2026-06-23,generalization_depth_mistral_s0.25_multidataset_seed0,generalization_depth_eval,mistralai/Mistral-7B-v0.3,depth0.25,,,,1024,,,sdpa,float16,0,11.80,,4.45,Tesla V100-SXM2-32GB,32.00,16.00,completed,last_successful_step=final_evaluation; drop_layer_config=results/runs/thesis_medium_depth_mistral_s0.25_g20_o16_seed0/layer_drop_config.txt; sparse_weights_path=none; sparse_config_path=none; sparse_default_level=0; quant_weights_path=none; quant_config_path=none; quant_default_level=0; eval_tokens=131072,outputs/experiments/generalization_depth_mistral_s0.25_multidataset_seed0
2026-06-23,generalization_depth_mistral_s0.25_multidataset_seed1,generalization_depth_eval,mistralai/Mistral-7B-v0.3,depth0.25,,,,1024,,,sdpa,float16,1,12.45,,4.47,Tesla V100-SXM2-32GB,32.00,16.00,completed,last_successful_step=final_evaluation; drop_layer_config=results/runs/thesis_medium_depth_mistral_s0.25_g20_o16_seed1/layer_drop_config.txt; sparse_weights_path=none; sparse_config_path=none; sparse_default_level=0; quant_weights_path=none; quant_config_path=none; quant_default_level=0; eval_tokens=131072,outputs/experiments/generalization_depth_mistral_s0.25_multidataset_seed1
2026-06-23,generalization_depth_mistral_s0.25_multidataset_seed2,generalization_depth_eval,mistralai/Mistral-7B-v0.3,depth0.25,,,,1024,,,sdpa,float16,2,11.20,,4.43,Tesla V100-SXM2-32GB,32.00,16.00,completed,last_successful_step=final_evaluation; drop_layer_config=results/runs/thesis_medium_depth_mistral_s0.25_g20_o16_seed2/layer_drop_config.txt; sparse_weights_path=none; sparse_config_path=none; sparse_default_level=0; quant_weights_path=none; quant_config_path=none; quant_default_level=0; eval_tokens=131072,outputs/experiments/generalization_depth_mistral_s0.25_multidataset_seed2
2026-06-23,generalization_independent_depth_quant_mistral_s0.25_qproj3.0_multidataset_seed0,generalization_independent_depth_quant_eval,mistralai/Mistral-7B-v0.3,depth0.25+qproj3.0_independent,,,,1024,,,sdpa,float16,0,11.97,,4.45,Tesla V100-SXM2-32GB,32.00,16.00,completed,last_successful_step=final_evaluation; drop_layer_config=results/runs/thesis_medium_depth_mistral_s0.25_g20_o16_seed0/layer_drop_config.txt; sparse_weights_path=none; sparse_config_path=none; sparse_default_level=0; quant_weights_path=outputs/experiments/quant_db_mistral_qproj_debug_bits234/quant_db/Mistral-7B-v0.3/3bit; quant_config_path=results/runs/thesis_medium_quant_mistral_qproj3.0_g20_o16_seed0/quant_configuration.txt; quant_default_level=3; eval_tokens=131072,outputs/experiments/generalization_independent_depth_quant_mistral_s0.25_qproj3.0_multidataset_seed0
2026-06-23,generalization_independent_depth_quant_mistral_s0.25_qproj3.0_multidataset_seed1,generalization_independent_depth_quant_eval,mistralai/Mistral-7B-v0.3,depth0.25+qproj3.0_independent,,,,1024,,,sdpa,float16,1,12.52,,4.50,Tesla V100-SXM2-32GB,32.00,16.00,completed,last_successful_step=final_evaluation; drop_layer_config=results/runs/thesis_medium_depth_mistral_s0.25_g20_o16_seed1/layer_drop_config.txt; sparse_weights_path=none; sparse_config_path=none; sparse_default_level=0; quant_weights_path=outputs/experiments/quant_db_mistral_qproj_debug_bits234/quant_db/Mistral-7B-v0.3/3bit; quant_config_path=results/runs/thesis_medium_quant_mistral_qproj3.0_g20_o16_seed1/quant_configuration.txt; quant_default_level=3; eval_tokens=131072,outputs/experiments/generalization_independent_depth_quant_mistral_s0.25_qproj3.0_multidataset_seed1
2026-06-23,generalization_independent_depth_quant_mistral_s0.25_qproj3.0_multidataset_seed2,generalization_independent_depth_quant_eval,mistralai/Mistral-7B-v0.3,depth0.25+qproj3.0_independent,,,,1024,,,sdpa,float16,2,11.35,,4.55,Tesla V100-SXM2-32GB,32.00,16.00,completed,last_successful_step=final_evaluation; drop_layer_config=results/runs/thesis_medium_depth_mistral_s0.25_g20_o16_seed2/layer_drop_config.txt; sparse_weights_path=none; sparse_config_path=none; sparse_default_level=0; quant_weights_path=outputs/experiments/quant_db_mistral_qproj_debug_bits234/quant_db/Mistral-7B-v0.3/3bit; quant_config_path=results/runs/thesis_medium_quant_mistral_qproj3.0_g20_o16_seed2/quant_configuration.txt; quant_default_level=3; eval_tokens=131072,outputs/experiments/generalization_independent_depth_quant_mistral_s0.25_qproj3.0_multidataset_seed2
2026-06-23,generalization_joint_g50_mistral_s0.25_qproj3.0_multidataset_seed0,generalization_joint_g50_eval,mistralai/Mistral-7B-v0.3,depth0.25+qproj3.0_joint_g50,,,,1024,,,sdpa,float16,0,11.47,,4.55,Tesla V100-SXM2-32GB,32.00,16.00,completed,last_successful_step=final_evaluation; drop_layer_config=results/runs/thesis_compute_matched_joint_mistral_s0.25_qproj3.0_g50_o16_seed0/joint_drop_config.txt; sparse_weights_path=none; sparse_config_path=none; sparse_default_level=0; quant_weights_path=outputs/experiments/quant_db_mistral_qproj_debug_bits234/quant_db/Mistral-7B-v0.3/3bit; quant_config_path=results/runs/thesis_compute_matched_joint_mistral_s0.25_qproj3.0_g50_o16_seed0/joint_quant_config.txt; quant_default_level=3; eval_tokens=131072,outputs/experiments/generalization_joint_g50_mistral_s0.25_qproj3.0_multidataset_seed0
2026-06-23,generalization_joint_g50_mistral_s0.25_qproj3.0_multidataset_seed1,generalization_joint_g50_eval,mistralai/Mistral-7B-v0.3,depth0.25+qproj3.0_joint_g50,,,,1024,,,sdpa,float16,1,10.92,,4.52,Tesla V100-SXM2-32GB,32.00,16.00,completed,last_successful_step=final_evaluation; drop_layer_config=results/runs/thesis_compute_matched_joint_mistral_s0.25_qproj3.0_g50_o16_seed1/joint_drop_config.txt; sparse_weights_path=none; sparse_config_path=none; sparse_default_level=0; quant_weights_path=outputs/experiments/quant_db_mistral_qproj_debug_bits234/quant_db/Mistral-7B-v0.3/3bit; quant_config_path=results/runs/thesis_compute_matched_joint_mistral_s0.25_qproj3.0_g50_o16_seed1/joint_quant_config.txt; quant_default_level=3; eval_tokens=131072,outputs/experiments/generalization_joint_g50_mistral_s0.25_qproj3.0_multidataset_seed1
2026-06-23,generalization_joint_g50_mistral_s0.25_qproj3.0_multidataset_seed2,generalization_joint_g50_eval,mistralai/Mistral-7B-v0.3,depth0.25+qproj3.0_joint_g50,,,,1024,,,sdpa,float16,2,11.34,,4.48,Tesla V100-SXM2-32GB,32.00,16.00,completed,last_successful_step=final_evaluation; drop_layer_config=results/runs/thesis_compute_matched_joint_mistral_s0.25_qproj3.0_g50_o16_seed2/joint_drop_config.txt; sparse_weights_path=none; sparse_config_path=none; sparse_default_level=0; quant_weights_path=outputs/experiments/quant_db_mistral_qproj_debug_bits234/quant_db/Mistral-7B-v0.3/3bit; quant_config_path=results/runs/thesis_compute_matched_joint_mistral_s0.25_qproj3.0_g50_o16_seed2/joint_quant_config.txt; quant_default_level=3; eval_tokens=131072,outputs/experiments/generalization_joint_g50_mistral_s0.25_qproj3.0_multidataset_seed2
2026-06-23,lmeval_dense_mistral_tasks_seed0,lmeval_dense,mistralai/Mistral-7B-v0.3,dense,,,,,,,lm_eval_harness,float16,0,,,0.08,Tesla V100-SXM2-32GB,32.00,16.00,failed,"last_successful_step=lmeval_process_started; command_exit_code=1; tasks=arc_easy,piqa,winogrande; limit=0.02; num_fewshot=0; drop_layer_config=none; quant_weights_path=outputs/experiments/quant_db_mistral_qproj_debug_bits234/quant_db/Mistral-7B-v0.3/3bit; quant_config_path=none",outputs/experiments/lmeval_dense_mistral_tasks_seed0
2026-06-23,lmeval_joint_g50_mistral_s0.25_qproj3.0_tasks_seed0,lmeval_joint_g50,mistralai/Mistral-7B-v0.3,depth0.25+qproj3.0_joint_g50,,,,,,,lm_eval_harness,float16,0,,,0.10,Tesla V100-SXM2-32GB,32.00,16.00,failed,"last_successful_step=lmeval_process_started; command_exit_code=1; tasks=arc_easy,piqa,winogrande; limit=0.02; num_fewshot=0; drop_layer_config=results/runs/thesis_compute_matched_joint_mistral_s0.25_qproj3.0_g50_o16_seed0/joint_drop_config.txt; quant_weights_path=outputs/experiments/quant_db_mistral_qproj_debug_bits234/quant_db/Mistral-7B-v0.3/3bit; quant_config_path=results/runs/thesis_compute_matched_joint_mistral_s0.25_qproj3.0_g50_o16_seed0/joint_quant_config.txt",outputs/experiments/lmeval_joint_g50_mistral_s0.25_qproj3.0_tasks_seed0
2026-06-23,lmeval_dense_mistral_tasks_seed0_retry1,lmeval_dense,mistralai/Mistral-7B-v0.3,dense,,,,,,,lm_eval_harness,float16,0,,,0.18,Tesla V100-SXM2-32GB,32.00,16.00,failed,"last_successful_step=lmeval_process_started; command_exit_code=1; tasks=arc_easy,piqa,winogrande; limit=0.02; num_fewshot=0; drop_layer_config=none; quant_weights_path=outputs/experiments/quant_db_mistral_qproj_debug_bits234/quant_db/Mistral-7B-v0.3/3bit; quant_config_path=none",outputs/experiments/lmeval_dense_mistral_tasks_seed0_retry1
2026-06-23,lmeval_joint_g50_mistral_s0.25_qproj3.0_tasks_seed0_retry1,lmeval_joint_g50,mistralai/Mistral-7B-v0.3,depth0.25+qproj3.0_joint_g50,,,,,,,lm_eval_harness,float16,0,,,0.17,Tesla V100-SXM2-32GB,32.00,16.00,failed,"last_successful_step=lmeval_process_started; command_exit_code=1; tasks=arc_easy,piqa,winogrande; limit=0.02; num_fewshot=0; drop_layer_config=results/runs/thesis_compute_matched_joint_mistral_s0.25_qproj3.0_g50_o16_seed0/joint_drop_config.txt; quant_weights_path=outputs/experiments/quant_db_mistral_qproj_debug_bits234/quant_db/Mistral-7B-v0.3/3bit; quant_config_path=results/runs/thesis_compute_matched_joint_mistral_s0.25_qproj3.0_g50_o16_seed0/joint_quant_config.txt",outputs/experiments/lmeval_joint_g50_mistral_s0.25_qproj3.0_tasks_seed0_retry1
2026-06-23,lmeval_dense_mistral_tasks_seed0_retry2,lmeval_dense,mistralai/Mistral-7B-v0.3,dense,,,,,,,lm_eval_harness,float16,0,,,0.28,Tesla V100-SXM2-32GB,32.00,16.00,failed,"last_successful_step=lmeval_process_started; command_exit_code=1; tasks=arc_easy,piqa,winogrande; limit=0.02; num_fewshot=0; drop_layer_config=none; quant_weights_path=outputs/experiments/quant_db_mistral_qproj_debug_bits234/quant_db/Mistral-7B-v0.3/3bit; quant_config_path=none",outputs/experiments/lmeval_dense_mistral_tasks_seed0_retry2
2026-06-23,lmeval_joint_g50_mistral_s0.25_qproj3.0_tasks_seed0_retry2,lmeval_joint_g50,mistralai/Mistral-7B-v0.3,depth0.25+qproj3.0_joint_g50,,,,,,,lm_eval_harness,float16,0,,,0.27,Tesla V100-SXM2-32GB,32.00,16.00,failed,"last_successful_step=lmeval_process_started; command_exit_code=1; tasks=arc_easy,piqa,winogrande; limit=0.02; num_fewshot=0; drop_layer_config=results/runs/thesis_compute_matched_joint_mistral_s0.25_qproj3.0_g50_o16_seed0/joint_drop_config.txt; quant_weights_path=outputs/experiments/quant_db_mistral_qproj_debug_bits234/quant_db/Mistral-7B-v0.3/3bit; quant_config_path=results/runs/thesis_compute_matched_joint_mistral_s0.25_qproj3.0_g50_o16_seed0/joint_quant_config.txt",outputs/experiments/lmeval_joint_g50_mistral_s0.25_qproj3.0_tasks_seed0_retry2
2026-06-23,lmeval_dense_mistral_tasks_seed0_retry3,lmeval_dense,mistralai/Mistral-7B-v0.3,dense,,,,,,,lm_eval_harness,float16,0,,,1.05,Tesla V100-SXM2-32GB,32.00,16.00,completed,"last_successful_step=lmeval_completed; tasks=arc_easy,piqa,winogrande; limit=0.02; num_fewshot=0; drop_layer_config=none; quant_weights_path=outputs/experiments/quant_db_mistral_qproj_debug_bits234/quant_db/Mistral-7B-v0.3/3bit; quant_config_path=none",outputs/experiments/lmeval_dense_mistral_tasks_seed0_retry3
2026-06-23,lmeval_joint_g50_mistral_s0.25_qproj3.0_tasks_seed0_retry3,lmeval_joint_g50,mistralai/Mistral-7B-v0.3,depth0.25+qproj3.0_joint_g50,,,,,,,lm_eval_harness,float16,0,,,0.83,Tesla V100-SXM2-32GB,32.00,16.00,completed,"last_successful_step=lmeval_completed; tasks=arc_easy,piqa,winogrande; limit=0.02; num_fewshot=0; drop_layer_config=results/runs/thesis_compute_matched_joint_mistral_s0.25_qproj3.0_g50_o16_seed0/joint_drop_config.txt; quant_weights_path=outputs/experiments/quant_db_mistral_qproj_debug_bits234/quant_db/Mistral-7B-v0.3/3bit; quant_config_path=results/runs/thesis_compute_matched_joint_mistral_s0.25_qproj3.0_g50_o16_seed0/joint_quant_config.txt",outputs/experiments/lmeval_joint_g50_mistral_s0.25_qproj3.0_tasks_seed0_retry3
2026-06-23,lmeval_depth_mistral_s0.25_tasks_seed0,lmeval_depth,mistralai/Mistral-7B-v0.3,depth0.25,,,,,,,lm_eval_harness,float16,0,,,4.05,Tesla V100-SXM2-32GB,32.00,16.00,completed,"last_successful_step=lmeval_completed; tasks=arc_easy,piqa,winogrande; limit=none; num_fewshot=0; drop_layer_config=results/runs/thesis_medium_depth_mistral_s0.25_g20_o16_seed0/layer_drop_config.txt; quant_weights_path=outputs/experiments/quant_db_mistral_qproj_debug_bits234/quant_db/Mistral-7B-v0.3/3bit; quant_config_path=none",outputs/experiments/lmeval_depth_mistral_s0.25_tasks_seed0
2026-06-23,lmeval_depth_mistral_s0.25_tasks_seed1,lmeval_depth,mistralai/Mistral-7B-v0.3,depth0.25,,,,,,,lm_eval_harness,float16,1,,,4.00,Tesla V100-SXM2-32GB,32.00,16.00,completed,"last_successful_step=lmeval_completed; tasks=arc_easy,piqa,winogrande; limit=none; num_fewshot=0; drop_layer_config=results/runs/thesis_medium_depth_mistral_s0.25_g20_o16_seed1/layer_drop_config.txt; quant_weights_path=outputs/experiments/quant_db_mistral_qproj_debug_bits234/quant_db/Mistral-7B-v0.3/3bit; quant_config_path=none",outputs/experiments/lmeval_depth_mistral_s0.25_tasks_seed1
2026-06-23,lmeval_depth_mistral_s0.25_tasks_seed2,lmeval_depth,mistralai/Mistral-7B-v0.3,depth0.25,,,,,,,lm_eval_harness,float16,2,,,3.97,Tesla V100-SXM2-32GB,32.00,16.00,completed,"last_successful_step=lmeval_completed; tasks=arc_easy,piqa,winogrande; limit=none; num_fewshot=0; drop_layer_config=results/runs/thesis_medium_depth_mistral_s0.25_g20_o16_seed2/layer_drop_config.txt; quant_weights_path=outputs/experiments/quant_db_mistral_qproj_debug_bits234/quant_db/Mistral-7B-v0.3/3bit; quant_config_path=none",outputs/experiments/lmeval_depth_mistral_s0.25_tasks_seed2
2026-06-23,lmeval_independent_depth_quant_mistral_s0.25_qproj3.0_tasks_seed0,lmeval_independent_depth_quant,mistralai/Mistral-7B-v0.3,depth0.25+qproj3.0_independent,,,,,,,lm_eval_harness,float16,0,,,4.02,Tesla V100-SXM2-32GB,32.00,16.00,completed,"last_successful_step=lmeval_completed; tasks=arc_easy,piqa,winogrande; limit=none; num_fewshot=0; drop_layer_config=results/runs/thesis_medium_depth_mistral_s0.25_g20_o16_seed0/layer_drop_config.txt; quant_weights_path=outputs/experiments/quant_db_mistral_qproj_debug_bits234/quant_db/Mistral-7B-v0.3/3bit; quant_config_path=results/runs/thesis_medium_quant_mistral_qproj3.0_g20_o16_seed0/quant_configuration.txt",outputs/experiments/lmeval_independent_depth_quant_mistral_s0.25_qproj3.0_tasks_seed0
2026-06-23,lmeval_independent_depth_quant_mistral_s0.25_qproj3.0_tasks_seed1,lmeval_independent_depth_quant,mistralai/Mistral-7B-v0.3,depth0.25+qproj3.0_independent,,,,,,,lm_eval_harness,float16,1,,,4.03,Tesla V100-SXM2-32GB,32.00,16.00,completed,"last_successful_step=lmeval_completed; tasks=arc_easy,piqa,winogrande; limit=none; num_fewshot=0; drop_layer_config=results/runs/thesis_medium_depth_mistral_s0.25_g20_o16_seed1/layer_drop_config.txt; quant_weights_path=outputs/experiments/quant_db_mistral_qproj_debug_bits234/quant_db/Mistral-7B-v0.3/3bit; quant_config_path=results/runs/thesis_medium_quant_mistral_qproj3.0_g20_o16_seed1/quant_configuration.txt",outputs/experiments/lmeval_independent_depth_quant_mistral_s0.25_qproj3.0_tasks_seed1
2026-06-23,lmeval_independent_depth_quant_mistral_s0.25_qproj3.0_tasks_seed2,lmeval_independent_depth_quant,mistralai/Mistral-7B-v0.3,depth0.25+qproj3.0_independent,,,,,,,lm_eval_harness,float16,2,,,4.15,Tesla V100-SXM2-32GB,32.00,16.00,completed,"last_successful_step=lmeval_completed; tasks=arc_easy,piqa,winogrande; limit=none; num_fewshot=0; drop_layer_config=results/runs/thesis_medium_depth_mistral_s0.25_g20_o16_seed2/layer_drop_config.txt; quant_weights_path=outputs/experiments/quant_db_mistral_qproj_debug_bits234/quant_db/Mistral-7B-v0.3/3bit; quant_config_path=results/runs/thesis_medium_quant_mistral_qproj3.0_g20_o16_seed2/quant_configuration.txt",outputs/experiments/lmeval_independent_depth_quant_mistral_s0.25_qproj3.0_tasks_seed2
2026-06-23,lmeval_joint_g50_mistral_s0.25_qproj3.0_tasks_seed1,lmeval_joint_g50,mistralai/Mistral-7B-v0.3,depth0.25+qproj3.0_joint_g50,,,,,,,lm_eval_harness,float16,1,,,4.05,Tesla V100-SXM2-32GB,32.00,16.00,completed,"last_successful_step=lmeval_completed; tasks=arc_easy,piqa,winogrande; limit=none; num_fewshot=0; drop_layer_config=results/runs/thesis_compute_matched_joint_mistral_s0.25_qproj3.0_g50_o16_seed1/joint_drop_config.txt; quant_weights_path=outputs/experiments/quant_db_mistral_qproj_debug_bits234/quant_db/Mistral-7B-v0.3/3bit; quant_config_path=results/runs/thesis_compute_matched_joint_mistral_s0.25_qproj3.0_g50_o16_seed1/joint_quant_config.txt",outputs/experiments/lmeval_joint_g50_mistral_s0.25_qproj3.0_tasks_seed1
2026-06-23,lmeval_joint_g50_mistral_s0.25_qproj3.0_tasks_seed2,lmeval_joint_g50,mistralai/Mistral-7B-v0.3,depth0.25+qproj3.0_joint_g50,,,,,,,lm_eval_harness,float16,2,,,4.12,Tesla V100-SXM2-32GB,32.00,16.00,completed,"last_successful_step=lmeval_completed; tasks=arc_easy,piqa,winogrande; limit=none; num_fewshot=0; drop_layer_config=results/runs/thesis_compute_matched_joint_mistral_s0.25_qproj3.0_g50_o16_seed2/joint_drop_config.txt; quant_weights_path=outputs/experiments/quant_db_mistral_qproj_debug_bits234/quant_db/Mistral-7B-v0.3/3bit; quant_config_path=results/runs/thesis_compute_matched_joint_mistral_s0.25_qproj3.0_g50_o16_seed2/joint_quant_config.txt",outputs/experiments/lmeval_joint_g50_mistral_s0.25_qproj3.0_tasks_seed2
2026-06-23,lmeval_dense_mistral_tasks_seed0_retry4,lmeval_dense,mistralai/Mistral-7B-v0.3,dense,,,,,,,lm_eval_harness,float16,0,,,4.97,Tesla V100-SXM2-32GB,32.00,16.00,completed,"last_successful_step=lmeval_completed; tasks=arc_easy,piqa,winogrande; limit=none; num_fewshot=0; drop_layer_config=none; quant_weights_path=outputs/experiments/quant_db_mistral_qproj_debug_bits234/quant_db/Mistral-7B-v0.3/3bit; quant_config_path=none",outputs/experiments/lmeval_dense_mistral_tasks_seed0_retry4
2026-06-23,lmeval_joint_g50_mistral_s0.25_qproj3.0_tasks_seed0_retry4,lmeval_joint_g50,mistralai/Mistral-7B-v0.3,depth0.25+qproj3.0_joint_g50,,,,,,,lm_eval_harness,float16,0,,,4.05,Tesla V100-SXM2-32GB,32.00,16.00,completed,"last_successful_step=lmeval_completed; tasks=arc_easy,piqa,winogrande; limit=none; num_fewshot=0; drop_layer_config=results/runs/thesis_compute_matched_joint_mistral_s0.25_qproj3.0_g50_o16_seed0/joint_drop_config.txt; quant_weights_path=outputs/experiments/quant_db_mistral_qproj_debug_bits234/quant_db/Mistral-7B-v0.3/3bit; quant_config_path=results/runs/thesis_compute_matched_joint_mistral_s0.25_qproj3.0_g50_o16_seed0/joint_quant_config.txt",outputs/experiments/lmeval_joint_g50_mistral_s0.25_qproj3.0_tasks_seed0_retry4
2026-06-29,quant_db_mistral_attention_bits234,quant_db,mistralai/Mistral-7B-v0.3,2 3 4,,,wikitext2,128,512,,sdpa,float16,0,,,9.28,NVIDIA A40,44.99,16.00,completed,last_successful_step=quant_database_generated; quantizable_modules=.*layers.*self_attn.*((q|k|v|o)_proj)$; bitwidth_options=2 3 4; calibration_bitwidth=3; group_size=128; drop_saved_file_cache=1; generated_module_dirs=128; generated_weight_files=384; missing_expected_weight_files=0; database_size_mb=7681; max_cpu_memory_gb=16.00; max_gpu_memory_gb=1.89; quant_db_dir=outputs/experiments/quant_db_mistral_attention_bits234/quant_db/Mistral-7B-v0.3/3bit,outputs/experiments/quant_db_mistral_attention_bits234
2026-06-29,attention_scope_smoke_quant_mistral_attention3.0_g10_o8_seed0,quant_search,mistralai/Mistral-7B-v0.3,3.0,10,8,wikitext2,1024,8192,kl,sdpa,float16,0,6.19,6.35,6.37,NVIDIA A40,44.99,16.00,completed,"last_successful_step=final_evaluation; quant_weights_path=outputs/experiments/quant_db_mistral_attention_bits234/quant_db/Mistral-7B-v0.3/3bit; configuration_name=attention_scope_smoke_quant_mistral_attention3.0_g10_o8_seed0_final_configuration.txt; target_bitwidth=3.0; actual_average_bitwidth=3.0000; final_search_point=[[3,3,3,3,3,3,3,3,3,3,3,3,3,3,3,3,3,3,3,3,3,3,3,3,3,4,3,3,3,3,3,3,3,3,3,3,3,3,3,3,3,3,3,3,3,3,3,3,3,3,2,3,3,3,3,3,3,3,3,3,3,3,3,3],[3,3,3,3,3,3,3,3,3,3,3,3,3,3,3,2,3,3,3,3,3,3,3,3,4,3,3,3,3,3,3,3,3,3,3,3,3,3,3,3,3,3,3,3,3,3,3,3,3,3,3,3,3,3,3,3,3,3,3,3,3,3,3,3]]; max_cpu_memory_gb=16.00; max_gpu_memory_gb=14.27",outputs/experiments/attention_scope_smoke_quant_mistral_attention3.0_g10_o8_seed0
2026-06-29,attention_scope_smoke_joint_mistral_s0.25_attention3.0_g10_o8_seed0,combined_depth_quant_search,mistralai/Mistral-7B-v0.3,depth0.25+quant3.0,10,8,wikitext2,1024,8192,kl,sdpa,float16,0,17.34,17.83,6.93,NVIDIA A40,44.99,16.00,completed,last_successful_step=final_evaluation; quant_weights_path=outputs/experiments/quant_db_mistral_attention_bits234/quant_db/Mistral-7B-v0.3/3bit; drop_sparsity=0.25; target_bitwidth=3.0; active_quant_budget=1; joint_aware_mutation=0; joint_aware_probability=0; adaptive_mutation=0; adaptive_mutation_patience=3; adaptive_mutation_max_strength=3; coarse_to_fine_mutation=0; coarse_to_fine_start_strength=3; coarse_to_fine_end_strength=1; actual_average_bitwidth=3.0000e+00; dropped_attn_modules=8; dropped_mlp_modules=8; max_cpu_memory_gb=16.00; max_gpu_memory_gb=14.27,outputs/experiments/attention_scope_smoke_joint_mistral_s0.25_attention3.0_g10_o8_seed0
