task,metric,seed,depth_score,independent_score,joint_g50_score,joint_minus_depth,joint_minus_independent,independent_minus_depth
arc_easy,"acc_norm,none",0,0.6077441077441077,0.5841750841750841,0.5054713804713805,-0.10227272727272718,-0.07870370370370361,-0.023569023569023573
arc_easy,"acc_norm,none",1,0.563973063973064,0.5105218855218855,0.553030303030303,-0.010942760942761032,0.042508417508417495,-0.05345117845117853
arc_easy,"acc_norm,none",2,0.593013468013468,0.5088383838383839,0.5429292929292929,-0.050084175084175064,0.03409090909090906,-0.08417508417508412
piqa,"acc_norm,none",0,0.7295973884657236,0.7154515778019587,0.6936887921653971,-0.0359085963003265,-0.021762785636561532,-0.014145810663764968
piqa,"acc_norm,none",1,0.7372143634385201,0.6828073993471164,0.6996735582154516,-0.03754080522306846,0.0168661588683352,-0.054406964091403665
piqa,"acc_norm,none",2,0.7448313384113167,0.6898803046789989,0.7279651795429815,-0.0168661588683352,0.0380848748639826,-0.0549510337323178
winogrande,"acc,none",0,0.6282557221783741,0.6258879242304657,0.5595895816890292,-0.06866614048934494,-0.06629834254143652,-0.0023677979479084232
winogrande,"acc,none",1,0.6164167324388319,0.5224940805051302,0.5303867403314917,-0.08602999210734019,0.007892659826361448,-0.09392265193370164
winogrande,"acc,none",2,0.611681136543015,0.526440410418311,0.5927387529597474,-0.018942383583267608,0.0662983425414364,-0.08524072612470401
